file,line,type,commit,author,date,time,timezone,datetime,depth,length
style.css,1,css,81bc3f32,Jas Sandhu,2025-04-03,16:38:23,-07:00,2025-04-03T16:38:23-07:00,0,5
style.css,2,css,81bc3f32,Jas Sandhu,2025-04-03,16:38:23,-07:00,2025-04-03T16:38:23-07:00,0,44
style.css,3,css,81bc3f32,Jas Sandhu,2025-04-03,16:38:23,-07:00,2025-04-03T16:38:23-07:00,0,43
style.css,4,css,81bc3f32,Jas Sandhu,2025-04-03,16:38:23,-07:00,2025-04-03T16:38:23-07:00,0,1
style.css,5,css,81bc3f32,Jas Sandhu,2025-04-03,16:38:23,-07:00,2025-04-03T16:38:23-07:00,0,24
style.css,6,css,28ef9a11,Jas Sandhu,2025-04-08,14:21:04,-07:00,2025-04-08T14:21:04-07:00,0,16
style.css,7,css,28ef9a11,Jas Sandhu,2025-04-08,14:21:04,-07:00,2025-04-08T14:21:04-07:00,0,43
style.css,8,css,28ef9a11,Jas Sandhu,2025-04-08,14:21:04,-07:00,2025-04-08T14:21:04-07:00,0,13
style.css,9,css,28ef9a11,Jas Sandhu,2025-04-08,14:21:04,-07:00,2025-04-08T14:21:04-07:00,0,32
style.css,10,css,28ef9a11,Jas Sandhu,2025-04-08,14:21:04,-07:00,2025-04-08T14:21:04-07:00,0,0
style.css,11,css,28ef9a11,Jas Sandhu,2025-04-08,14:21:04,-07:00,2025-04-08T14:21:04-07:00,0,0
style.css,12,css,7577d6db,JasSandhu14,2025-04-09,19:55:59,-07:00,2025-04-09T19:55:59-07:00,0,4
style.css,13,css,7577d6db,JasSandhu14,2025-04-09,19:55:59,-07:00,2025-04-09T19:55:59-07:00,0,13
style.css,14,css,7577d6db,JasSandhu14,2025-04-09,19:55:59,-07:00,2025-04-09T19:55:59-07:00,0,18
style.css,15,css,7577d6db,JasSandhu14,2025-04-09,19:55:59,-07:00,2025-04-09T19:55:59-07:00,0,42
style.css,16,css,2aee76b1,Jas Sandhu,2025-04-17,14:14:04,-07:00,2025-04-17T14:14:04-07:00,0,40
style.css,17,css,2aee76b1,Jas Sandhu,2025-04-17,14:14:04,-07:00,2025-04-17T14:14:04-07:00,0,41
style.css,18,css,7577d6db,JasSandhu14,2025-04-09,19:55:59,-07:00,2025-04-09T19:55:59-07:00,0,0
style.css,19,css,28ef9a11,Jas Sandhu,2025-04-08,14:21:04,-07:00,2025-04-08T14:21:04-07:00,0,0
style.css,20,css,7577d6db,JasSandhu14,2025-04-09,19:55:59,-07:00,2025-04-09T19:55:59-07:00,0,5
style.css,21,css,7577d6db,JasSandhu14,2025-04-09,19:55:59,-07:00,2025-04-09T19:55:59-07:00,0,7
style.css,22,css,7577d6db,JasSandhu14,2025-04-09,19:55:59,-07:00,2025-04-09T19:55:59-07:00,0,21
style.css,23,css,7577d6db,JasSandhu14,2025-04-09,19:55:59,-07:00,2025-04-09T19:55:59-07:00,0,14
style.css,24,css,7577d6db,JasSandhu14,2025-04-09,19:55:59,-07:00,2025-04-09T19:55:59-07:00,0,18
style.css,25,css,7577d6db,JasSandhu14,2025-04-09,19:55:59,-07:00,2025-04-09T19:55:59-07:00,0,14
style.css,26,css,7577d6db,JasSandhu14,2025-04-09,19:55:59,-07:00,2025-04-09T19:55:59-07:00,0,0
style.css,27,css,28ef9a11,Jas Sandhu,2025-04-08,14:21:04,-07:00,2025-04-08T14:21:04-07:00,0,0
style.css,28,css,7577d6db,JasSandhu14,2025-04-09,19:55:59,-07:00,2025-04-09T19:55:59-07:00,0,14
style.css,29,css,7577d6db,JasSandhu14,2025-04-09,19:55:59,-07:00,2025-04-09T19:55:59-07:00,0,44
style.css,30,css,7577d6db,JasSandhu14,2025-04-09,19:55:59,-07:00,2025-04-09T19:55:59-07:00,0,21
style.css,31,css,7577d6db,JasSandhu14,2025-04-09,19:55:59,-07:00,2025-04-09T19:55:59-07:00,0,0
style.css,32,css,28ef9a11,Jas Sandhu,2025-04-08,14:21:04,-07:00,2025-04-08T14:21:04-07:00,0,0
style.css,33,css,7577d6db,JasSandhu14,2025-04-09,19:55:59,-07:00,2025-04-09T19:55:59-07:00,0,6
style.css,34,css,7577d6db,JasSandhu14,2025-04-09,19:55:59,-07:00,2025-04-09T19:55:59-07:00,0,40
style.css,35,css,7577d6db,JasSandhu14,2025-04-09,19:55:59,-07:00,2025-04-09T19:55:59-07:00,0,32
style.css,36,css,7577d6db,JasSandhu14,2025-04-09,19:55:59,-07:00,2025-04-09T19:55:59-07:00,0,0
style.css,37,css,28ef9a11,Jas Sandhu,2025-04-08,14:21:04,-07:00,2025-04-08T14:21:04-07:00,0,0
style.css,38,css,7577d6db,JasSandhu14,2025-04-09,19:55:59,-07:00,2025-04-09T19:55:59-07:00,0,11
style.css,39,css,7577d6db,JasSandhu14,2025-04-09,19:55:59,-07:00,2025-04-09T19:55:59-07:00,0,46
style.css,40,css,7577d6db,JasSandhu14,2025-04-09,19:55:59,-07:00,2025-04-09T19:55:59-07:00,0,21
style.css,41,css,2aee76b1,Jas Sandhu,2025-04-17,14:14:04,-07:00,2025-04-17T14:14:04-07:00,0,70
style.css,42,css,7577d6db,JasSandhu14,2025-04-09,19:55:59,-07:00,2025-04-09T19:55:59-07:00,0,0
style.css,43,css,87537531,Jas Sandhu,2025-04-09,17:57:35,-07:00,2025-04-09T17:57:35-07:00,0,0
style.css,44,css,7577d6db,JasSandhu14,2025-04-09,19:55:59,-07:00,2025-04-09T19:55:59-07:00,0,25
style.css,45,css,7577d6db,JasSandhu14,2025-04-09,19:55:59,-07:00,2025-04-09T19:55:59-07:00,0,13
style.css,46,css,7577d6db,JasSandhu14,2025-04-09,19:55:59,-07:00,2025-04-09T19:55:59-07:00,0,0
style.css,47,css,7577d6db,JasSandhu14,2025-04-09,19:55:59,-07:00,2025-04-09T19:55:59-07:00,0,0
style.css,48,css,7577d6db,JasSandhu14,2025-04-09,19:55:59,-07:00,2025-04-09T19:55:59-07:00,0,30
style.css,49,css,7577d6db,JasSandhu14,2025-04-09,19:55:59,-07:00,2025-04-09T19:55:59-07:00,0,14
style.css,50,css,7577d6db,JasSandhu14,2025-04-09,19:55:59,-07:00,2025-04-09T19:55:59-07:00,0,11
style.css,51,css,7577d6db,JasSandhu14,2025-04-09,19:55:59,-07:00,2025-04-09T19:55:59-07:00,0,22
style.css,52,css,7577d6db,JasSandhu14,2025-04-09,19:55:59,-07:00,2025-04-09T19:55:59-07:00,0,19
style.css,53,css,7577d6db,JasSandhu14,2025-04-09,19:55:59,-07:00,2025-04-09T19:55:59-07:00,0,3
style.css,54,css,87537531,Jas Sandhu,2025-04-09,17:57:35,-07:00,2025-04-09T17:57:35-07:00,0,0
style.css,55,css,f0661ea6,JasSandhu14,2025-04-09,18:39:42,-07:00,2025-04-09T18:39:42-07:00,0,5
style.css,56,css,f0661ea6,JasSandhu14,2025-04-09,18:39:42,-07:00,2025-04-09T18:39:42-07:00,0,13
style.css,57,css,f0661ea6,JasSandhu14,2025-04-09,18:39:42,-07:00,2025-04-09T18:39:42-07:00,0,31
style.css,58,css,f0661ea6,JasSandhu14,2025-04-09,18:39:42,-07:00,2025-04-09T18:39:42-07:00,0,8
style.css,59,css,f0661ea6,JasSandhu14,2025-04-09,18:39:42,-07:00,2025-04-09T18:39:42-07:00,0,0
style.css,60,css,f0661ea6,JasSandhu14,2025-04-09,18:39:42,-07:00,2025-04-09T18:39:42-07:00,0,0
style.css,61,css,7577d6db,JasSandhu14,2025-04-09,19:55:59,-07:00,2025-04-09T19:55:59-07:00,0,10
style.css,62,css,f0661ea6,JasSandhu14,2025-04-09,18:39:42,-07:00,2025-04-09T18:39:42-07:00,0,13
style.css,63,css,f0661ea6,JasSandhu14,2025-04-09,18:39:42,-07:00,2025-04-09T18:39:42-07:00,0,30
style.css,64,css,f0661ea6,JasSandhu14,2025-04-09,18:39:42,-07:00,2025-04-09T18:39:42-07:00,0,0
style.css,65,css,f0661ea6,JasSandhu14,2025-04-09,18:39:42,-07:00,2025-04-09T18:39:42-07:00,0,0
style.css,66,css,f0661ea6,JasSandhu14,2025-04-09,18:39:42,-07:00,2025-04-09T18:39:42-07:00,0,12
style.css,67,css,f0661ea6,JasSandhu14,2025-04-09,18:39:42,-07:00,2025-04-09T18:39:42-07:00,0,19
style.css,68,css,7577d6db,JasSandhu14,2025-04-09,19:55:59,-07:00,2025-04-09T19:55:59-07:00,0,0
style.css,69,css,7577d6db,JasSandhu14,2025-04-09,19:55:59,-07:00,2025-04-09T19:55:59-07:00,0,0
style.css,70,css,7577d6db,JasSandhu14,2025-04-09,19:55:59,-07:00,2025-04-09T19:55:59-07:00,0,10
style.css,71,css,7577d6db,JasSandhu14,2025-04-09,19:55:59,-07:00,2025-04-09T19:55:59-07:00,0,13
style.css,72,css,7577d6db,JasSandhu14,2025-04-09,19:55:59,-07:00,2025-04-09T19:55:59-07:00,0,59
style.css,73,css,c9764286,JasSandhu14,2025-04-09,20:00:43,-07:00,2025-04-09T20:00:43-07:00,0,0
style.css,74,css,c9764286,JasSandhu14,2025-04-09,20:00:43,-07:00,2025-04-09T20:00:43-07:00,0,8
style.css,75,css,c9764286,JasSandhu14,2025-04-09,20:00:43,-07:00,2025-04-09T20:00:43-07:00,0,13
style.css,76,css,c9764286,JasSandhu14,2025-04-09,20:00:43,-07:00,2025-04-09T20:00:43-07:00,0,27
style.css,77,css,c9764286,JasSandhu14,2025-04-09,20:00:43,-07:00,2025-04-09T20:00:43-07:00,0,16
style.css,78,css,c9764286,JasSandhu14,2025-04-09,20:00:43,-07:00,2025-04-09T20:00:43-07:00,0,8
style.css,79,css,c9764286,JasSandhu14,2025-04-09,20:00:43,-07:00,2025-04-09T20:00:43-07:00,0,0
style.css,80,css,c9764286,JasSandhu14,2025-04-09,20:00:43,-07:00,2025-04-09T20:00:43-07:00,0,0
style.css,81,css,c9764286,JasSandhu14,2025-04-09,20:00:43,-07:00,2025-04-09T20:00:43-07:00,0,3
style.css,82,css,c9764286,JasSandhu14,2025-04-09,20:00:43,-07:00,2025-04-09T20:00:43-07:00,0,9
style.css,83,css,c9764286,JasSandhu14,2025-04-09,20:00:43,-07:00,2025-04-09T20:00:43-07:00,0,0
style.css,84,css,7577d6db,JasSandhu14,2025-04-09,19:55:59,-07:00,2025-04-09T19:55:59-07:00,0,0
style.css,85,css,7577d6db,JasSandhu14,2025-04-09,19:55:59,-07:00,2025-04-09T19:55:59-07:00,0,0
style.css,86,css,c9764286,JasSandhu14,2025-04-09,20:00:43,-07:00,2025-04-09T20:00:43-07:00,0,3
style.css,87,css,c9764286,JasSandhu14,2025-04-09,20:00:43,-07:00,2025-04-09T20:00:43-07:00,0,15
style.css,88,css,7577d6db,JasSandhu14,2025-04-09,19:55:59,-07:00,2025-04-09T19:55:59-07:00,0,0
style.css,89,css,7577d6db,JasSandhu14,2025-04-09,19:55:59,-07:00,2025-04-09T19:55:59-07:00,0,0
style.css,90,css,c9764286,JasSandhu14,2025-04-09,20:00:43,-07:00,2025-04-09T20:00:43-07:00,0,23
style.css,91,css,c9764286,JasSandhu14,2025-04-09,20:00:43,-07:00,2025-04-09T20:00:43-07:00,0,16
style.css,92,css,c9764286,JasSandhu14,2025-04-09,20:00:43,-07:00,2025-04-09T20:00:43-07:00,0,18
style.css,93,css,86a8553d,JasSandhu14,2025-04-09,21:04:35,-07:00,2025-04-09T21:04:35-07:00,0,0
style.css,94,css,86a8553d,JasSandhu14,2025-04-09,21:04:35,-07:00,2025-04-09T21:04:35-07:00,0,0
style.css,95,css,86a8553d,JasSandhu14,2025-04-09,21:04:35,-07:00,2025-04-09T21:04:35-07:00,0,7
style.css,96,css,86a8553d,JasSandhu14,2025-04-09,21:04:35,-07:00,2025-04-09T21:04:35-07:00,0,3
style.css,97,css,86a8553d,JasSandhu14,2025-04-09,21:04:35,-07:00,2025-04-09T21:04:35-07:00,0,15
style.css,98,css,86a8553d,JasSandhu14,2025-04-09,21:04:35,-07:00,2025-04-09T21:04:35-07:00,0,9
style.css,99,css,86a8553d,JasSandhu14,2025-04-09,21:04:35,-07:00,2025-04-09T21:04:35-07:00,0,0
style.css,100,css,86a8553d,JasSandhu14,2025-04-09,21:04:35,-07:00,2025-04-09T21:04:35-07:00,0,0
style.css,101,css,86a8553d,JasSandhu14,2025-04-09,21:04:35,-07:00,2025-04-09T21:04:35-07:00,0,0
style.css,102,css,86a8553d,JasSandhu14,2025-04-09,21:04:35,-07:00,2025-04-09T21:04:35-07:00,0,9
style.css,103,css,86a8553d,JasSandhu14,2025-04-09,21:04:35,-07:00,2025-04-09T21:04:35-07:00,0,16
style.css,104,css,86a8553d,JasSandhu14,2025-04-09,21:04:35,-07:00,2025-04-09T21:04:35-07:00,0,13
style.css,105,css,86a8553d,JasSandhu14,2025-04-09,21:04:35,-07:00,2025-04-09T21:04:35-07:00,0,17
style.css,106,css,86a8553d,JasSandhu14,2025-04-09,21:04:35,-07:00,2025-04-09T21:04:35-07:00,0,20
style.css,107,css,86a8553d,JasSandhu14,2025-04-09,21:04:35,-07:00,2025-04-09T21:04:35-07:00,0,26
style.css,108,css,86a8553d,JasSandhu14,2025-04-09,21:04:35,-07:00,2025-04-09T21:04:35-07:00,0,0
style.css,109,css,86a8553d,JasSandhu14,2025-04-09,21:04:35,-07:00,2025-04-09T21:04:35-07:00,0,0
style.css,110,css,86a8553d,JasSandhu14,2025-04-09,21:04:35,-07:00,2025-04-09T21:04:35-07:00,0,0
style.css,111,css,86a8553d,JasSandhu14,2025-04-09,21:04:35,-07:00,2025-04-09T21:04:35-07:00,0,11
style.css,112,css,86a8553d,JasSandhu14,2025-04-09,21:04:35,-07:00,2025-04-09T21:04:35-07:00,0,22
style.css,113,css,86a8553d,JasSandhu14,2025-04-09,21:04:35,-07:00,2025-04-09T21:04:35-07:00,0,0
style.css,114,css,86a8553d,JasSandhu14,2025-04-09,21:04:35,-07:00,2025-04-09T21:04:35-07:00,0,8
style.css,115,css,86a8553d,JasSandhu14,2025-04-09,21:04:35,-07:00,2025-04-09T21:04:35-07:00,0,17
style.css,116,css,86a8553d,JasSandhu14,2025-04-09,21:04:35,-07:00,2025-04-09T21:04:35-07:00,0,20
style.css,117,css,86a8553d,JasSandhu14,2025-04-09,21:04:35,-07:00,2025-04-09T21:04:35-07:00,0,26
style.css,118,css,86a8553d,JasSandhu14,2025-04-09,21:04:35,-07:00,2025-04-09T21:04:35-07:00,0,0
style.css,119,css,86a8553d,JasSandhu14,2025-04-09,21:04:35,-07:00,2025-04-09T21:04:35-07:00,0,0
style.css,120,css,86a8553d,JasSandhu14,2025-04-09,21:04:35,-07:00,2025-04-09T21:04:35-07:00,0,0
style.css,121,css,86a8553d,JasSandhu14,2025-04-09,21:04:35,-07:00,2025-04-09T21:04:35-07:00,0,11
style.css,122,css,86a8553d,JasSandhu14,2025-04-09,21:04:35,-07:00,2025-04-09T21:04:35-07:00,0,0
style.css,123,css,86a8553d,JasSandhu14,2025-04-09,21:04:35,-07:00,2025-04-09T21:04:35-07:00,0,5
style.css,124,css,86a8553d,JasSandhu14,2025-04-09,21:04:35,-07:00,2025-04-09T21:04:35-07:00,0,15
style.css,125,css,86a8553d,JasSandhu14,2025-04-09,21:04:35,-07:00,2025-04-09T21:04:35-07:00,0,0
style.css,126,css,344df2c7,Jas Sandhu,2025-04-10,11:45:41,-07:00,2025-04-10T11:45:41-07:00,0,0
style.css,127,css,344df2c7,Jas Sandhu,2025-04-10,11:45:41,-07:00,2025-04-10T11:45:41-07:00,0,0
style.css,128,css,344df2c7,Jas Sandhu,2025-04-10,11:45:41,-07:00,2025-04-10T11:45:41-07:00,0,8
style.css,129,css,344df2c7,Jas Sandhu,2025-04-10,11:45:41,-07:00,2025-04-10T11:45:41-07:00,0,13
style.css,130,css,344df2c7,Jas Sandhu,2025-04-10,11:45:41,-07:00,2025-04-10T11:45:41-07:00,0,0
style.css,131,css,344df2c7,Jas Sandhu,2025-04-10,11:45:41,-07:00,2025-04-10T11:45:41-07:00,0,2
style.css,132,css,344df2c7,Jas Sandhu,2025-04-10,11:45:41,-07:00,2025-04-10T11:45:41-07:00,0,7
style.css,133,css,344df2c7,Jas Sandhu,2025-04-10,11:45:41,-07:00,2025-04-10T11:45:41-07:00,0,18
style.css,134,css,344df2c7,Jas Sandhu,2025-04-10,11:45:41,-07:00,2025-04-10T11:45:41-07:00,0,17
style.css,135,css,344df2c7,Jas Sandhu,2025-04-10,11:45:41,-07:00,2025-04-10T11:45:41-07:00,0,22
style.css,136,css,344df2c7,Jas Sandhu,2025-04-10,11:45:41,-07:00,2025-04-10T11:45:41-07:00,0,0
style.css,137,css,2aee76b1,Jas Sandhu,2025-04-17,14:14:04,-07:00,2025-04-17T14:14:04-07:00,0,0
style.css,138,css,2aee76b1,Jas Sandhu,2025-04-17,14:14:04,-07:00,2025-04-17T14:14:04-07:00,0,0
style.css,139,css,2aee76b1,Jas Sandhu,2025-04-17,14:14:04,-07:00,2025-04-17T14:14:04-07:00,0,5
style.css,140,css,2aee76b1,Jas Sandhu,2025-04-17,14:14:04,-07:00,2025-04-17T14:14:04-07:00,0,18
style.css,141,css,2aee76b1,Jas Sandhu,2025-04-17,14:14:04,-07:00,2025-04-17T14:14:04-07:00,0,0
style.css,142,css,2aee76b1,Jas Sandhu,2025-04-17,14:14:04,-07:00,2025-04-17T14:14:04-07:00,0,0
style.css,143,css,2aee76b1,Jas Sandhu,2025-04-17,14:14:04,-07:00,2025-04-17T14:14:04-07:00,0,14
style.css,144,css,2aee76b1,Jas Sandhu,2025-04-17,14:14:04,-07:00,2025-04-17T14:14:04-07:00,0,18
style.css,145,css,2aee76b1,Jas Sandhu,2025-04-17,14:14:04,-07:00,2025-04-17T14:14:04-07:00,0,9
style.css,146,css,2aee76b1,Jas Sandhu,2025-04-17,14:14:04,-07:00,2025-04-17T14:14:04-07:00,0,11
style.css,147,css,2aee76b1,Jas Sandhu,2025-04-17,14:14:04,-07:00,2025-04-17T14:14:04-07:00,0,13
style.css,148,css,2aee76b1,Jas Sandhu,2025-04-17,14:14:04,-07:00,2025-04-17T14:14:04-07:00,0,14
style.css,149,css,2aee76b1,Jas Sandhu,2025-04-17,14:14:04,-07:00,2025-04-17T14:14:04-07:00,0,0
style.css,150,css,2aee76b1,Jas Sandhu,2025-04-17,14:14:04,-07:00,2025-04-17T14:14:04-07:00,0,0
style.css,151,css,2aee76b1,Jas Sandhu,2025-04-17,14:14:04,-07:00,2025-04-17T14:14:04-07:00,0,26
style.css,152,css,2aee76b1,Jas Sandhu,2025-04-17,14:14:04,-07:00,2025-04-17T14:14:04-07:00,0,14
style.css,153,css,2aee76b1,Jas Sandhu,2025-04-17,14:14:04,-07:00,2025-04-17T14:14:04-07:00,0,13
style.css,154,css,dea9beb9,JasSandhu14,2025-04-24,17:09:19,-07:00,2025-04-24T17:09:19-07:00,0,0
style.css,155,css,dea9beb9,JasSandhu14,2025-04-24,17:09:19,-07:00,2025-04-24T17:09:19-07:00,0,0
style.css,156,css,dea9beb9,JasSandhu14,2025-04-24,17:09:19,-07:00,2025-04-24T17:09:19-07:00,0,15
style.css,157,css,dea9beb9,JasSandhu14,2025-04-24,17:09:19,-07:00,2025-04-24T17:09:19-07:00,0,0
style.css,158,css,dea9beb9,JasSandhu14,2025-04-24,17:09:19,-07:00,2025-04-24T17:09:19-07:00,0,13
style.css,159,css,dea9beb9,JasSandhu14,2025-04-24,17:09:19,-07:00,2025-04-24T17:09:19-07:00,0,0
style.css,160,css,dea9beb9,JasSandhu14,2025-04-24,17:09:19,-07:00,2025-04-24T17:09:19-07:00,0,3
style.css,161,css,dea9beb9,JasSandhu14,2025-04-24,17:09:19,-07:00,2025-04-24T17:09:19-07:00,0,13
style.css,162,css,dea9beb9,JasSandhu14,2025-04-24,17:09:19,-07:00,2025-04-24T17:09:19-07:00,0,37
style.css,163,css,dea9beb9,JasSandhu14,2025-04-24,17:09:19,-07:00,2025-04-24T17:09:19-07:00,0,11
style.css,164,css,dea9beb9,JasSandhu14,2025-04-24,17:09:19,-07:00,2025-04-24T17:09:19-07:00,0,0
style.css,165,css,dea9beb9,JasSandhu14,2025-04-24,17:09:19,-07:00,2025-04-24T17:09:19-07:00,0,0
style.css,166,css,dea9beb9,JasSandhu14,2025-04-24,17:09:19,-07:00,2025-04-24T17:09:19-07:00,0,3
style.css,167,css,dea9beb9,JasSandhu14,2025-04-24,17:09:19,-07:00,2025-04-24T17:09:19-07:00,0,11
style.css,168,css,dea9beb9,JasSandhu14,2025-04-24,17:09:19,-07:00,2025-04-24T17:09:19-07:00,0,14
style.css,169,css,dea9beb9,JasSandhu14,2025-04-24,17:09:19,-07:00,2025-04-24T17:09:19-07:00,0,25
style.css,170,css,dea9beb9,JasSandhu14,2025-04-24,17:09:19,-07:00,2025-04-24T17:09:19-07:00,0,11
style.css,171,css,dea9beb9,JasSandhu14,2025-04-24,17:09:19,-07:00,2025-04-24T17:09:19-07:00,0,48
style.css,172,css,dea9beb9,JasSandhu14,2025-04-24,17:09:19,-07:00,2025-04-24T17:09:19-07:00,0,23
style.css,173,css,dea9beb9,JasSandhu14,2025-04-24,17:09:19,-07:00,2025-04-24T17:09:19-07:00,0,0
style.css,174,css,dea9beb9,JasSandhu14,2025-04-24,17:09:19,-07:00,2025-04-24T17:09:19-07:00,0,0
style.css,175,css,dea9beb9,JasSandhu14,2025-04-24,17:09:19,-07:00,2025-04-24T17:09:19-07:00,0,3
style.css,176,css,dea9beb9,JasSandhu14,2025-04-24,17:09:19,-07:00,2025-04-24T17:09:19-07:00,0,11
style.css,177,css,dea9beb9,JasSandhu14,2025-04-24,17:09:19,-07:00,2025-04-24T17:09:19-07:00,0,9
style.css,178,css,dea9beb9,JasSandhu14,2025-04-24,17:09:19,-07:00,2025-04-24T17:09:19-07:00,0,15
style.css,179,css,dea9beb9,JasSandhu14,2025-04-24,17:09:19,-07:00,2025-04-24T17:09:19-07:00,0,48
style.css,180,css,dea9beb9,JasSandhu14,2025-04-24,17:09:19,-07:00,2025-04-24T17:09:19-07:00,0,0
style.css,181,css,dea9beb9,JasSandhu14,2025-04-24,17:09:19,-07:00,2025-04-24T17:09:19-07:00,0,0
style.css,182,css,f6d132ce,Jas Sandhu,2025-05-01,15:09:41,-07:00,2025-05-01T15:09:41-07:00,0,0
style.css,183,css,f6d132ce,Jas Sandhu,2025-05-01,15:09:41,-07:00,2025-05-01T15:09:41-07:00,0,0
style.css,184,css,f6d132ce,Jas Sandhu,2025-05-01,15:09:41,-07:00,2025-05-01T15:09:41-07:00,0,19
style.css,185,css,f6d132ce,Jas Sandhu,2025-05-01,15:09:41,-07:00,2025-05-01T15:09:41-07:00,0,15
style.css,186,css,f6d132ce,Jas Sandhu,2025-05-01,15:09:41,-07:00,2025-05-01T15:09:41-07:00,0,17
style.css,187,css,f6d132ce,Jas Sandhu,2025-05-01,15:09:41,-07:00,2025-05-01T15:09:41-07:00,0,17
style.css,188,css,f6d132ce,Jas Sandhu,2025-05-01,15:09:41,-07:00,2025-05-01T15:09:41-07:00,0,0
style.css,189,css,f6d132ce,Jas Sandhu,2025-05-01,15:09:41,-07:00,2025-05-01T15:09:41-07:00,0,0
style.css,190,css,f6d132ce,Jas Sandhu,2025-05-01,15:09:41,-07:00,2025-05-01T15:09:41-07:00,0,8
style.css,191,css,f6d132ce,Jas Sandhu,2025-05-01,15:09:41,-07:00,2025-05-01T15:09:41-07:00,0,21
style.css,192,css,f6d132ce,Jas Sandhu,2025-05-01,15:09:41,-07:00,2025-05-01T15:09:41-07:00,0,11
style.css,193,css,f6d132ce,Jas Sandhu,2025-05-01,15:09:41,-07:00,2025-05-01T15:09:41-07:00,0,19
style.css,194,css,f6d132ce,Jas Sandhu,2025-05-01,15:09:41,-07:00,2025-05-01T15:09:41-07:00,0,30
style.css,195,css,f6d132ce,Jas Sandhu,2025-05-01,15:09:41,-07:00,2025-05-01T15:09:41-07:00,0,18
style.css,196,css,f6d132ce,Jas Sandhu,2025-05-01,15:09:41,-07:00,2025-05-01T15:09:41-07:00,0,12
style.css,197,css,f6d132ce,Jas Sandhu,2025-05-01,15:09:41,-07:00,2025-05-01T15:09:41-07:00,0,15
style.css,198,css,f6d132ce,Jas Sandhu,2025-05-01,15:09:41,-07:00,2025-05-01T15:09:41-07:00,0,0
style.css,199,css,f6d132ce,Jas Sandhu,2025-05-01,15:09:41,-07:00,2025-05-01T15:09:41-07:00,0,0
style.css,200,css,f6d132ce,Jas Sandhu,2025-05-01,15:09:41,-07:00,2025-05-01T15:09:41-07:00,0,7
style.css,201,css,f6d132ce,Jas Sandhu,2025-05-01,15:09:41,-07:00,2025-05-01T15:09:41-07:00,0,13
style.css,202,css,f6d132ce,Jas Sandhu,2025-05-01,15:09:41,-07:00,2025-05-01T15:09:41-07:00,0,58
style.css,203,css,f6d132ce,Jas Sandhu,2025-05-01,15:09:41,-07:00,2025-05-01T15:09:41-07:00,0,7
style.css,204,css,f6d132ce,Jas Sandhu,2025-05-01,15:09:41,-07:00,2025-05-01T15:09:41-07:00,0,0
style.css,205,css,f6d132ce,Jas Sandhu,2025-05-01,15:09:41,-07:00,2025-05-01T15:09:41-07:00,0,0
style.css,206,css,f6d132ce,Jas Sandhu,2025-05-01,15:09:41,-07:00,2025-05-01T15:09:41-07:00,0,13
style.css,207,css,f6d132ce,Jas Sandhu,2025-05-01,15:09:41,-07:00,2025-05-01T15:09:41-07:00,0,13
style.css,208,css,f6d132ce,Jas Sandhu,2025-05-01,15:09:41,-07:00,2025-05-01T15:09:41-07:00,0,19
style.css,209,css,f6d132ce,Jas Sandhu,2025-05-01,15:09:41,-07:00,2025-05-01T15:09:41-07:00,0,10
style.css,210,css,f6d132ce,Jas Sandhu,2025-05-01,15:09:41,-07:00,2025-05-01T15:09:41-07:00,0,14
style.css,211,css,f6d132ce,Jas Sandhu,2025-05-01,15:09:41,-07:00,2025-05-01T15:09:41-07:00,0,0
style.css,212,css,f6d132ce,Jas Sandhu,2025-05-01,15:09:41,-07:00,2025-05-01T15:09:41-07:00,0,0
style.css,213,css,f6d132ce,Jas Sandhu,2025-05-01,15:09:41,-07:00,2025-05-01T15:09:41-07:00,0,11
style.css,214,css,f6d132ce,Jas Sandhu,2025-05-01,15:09:41,-07:00,2025-05-01T15:09:41-07:00,0,13
style.css,215,css,f6d132ce,Jas Sandhu,2025-05-01,15:09:41,-07:00,2025-05-01T15:09:41-07:00,0,19
style.css,216,css,2ef3e776,Jas Sandhu,2025-05-01,16:07:17,-07:00,2025-05-01T16:07:17-07:00,0,0
style.css,217,css,2ef3e776,Jas Sandhu,2025-05-01,16:07:17,-07:00,2025-05-01T16:07:17-07:00,0,0
style.css,218,css,2ef3e776,Jas Sandhu,2025-05-01,16:07:17,-07:00,2025-05-01T16:07:17-07:00,0,18
style.css,219,css,2ef3e776,Jas Sandhu,2025-05-01,16:07:17,-07:00,2025-05-01T16:07:17-07:00,0,17
style.css,220,css,2ef3e776,Jas Sandhu,2025-05-01,16:07:17,-07:00,2025-05-01T16:07:17-07:00,0,12
style.css,221,css,2ef3e776,Jas Sandhu,2025-05-01,16:07:17,-07:00,2025-05-01T16:07:17-07:00,0,0
style.css,222,css,2ef3e776,Jas Sandhu,2025-05-01,16:07:17,-07:00,2025-05-01T16:07:17-07:00,0,0
style.css,223,css,2ef3e776,Jas Sandhu,2025-05-01,16:07:17,-07:00,2025-05-01T16:07:17-07:00,0,0
style.css,224,css,2ef3e776,Jas Sandhu,2025-05-01,16:07:17,-07:00,2025-05-01T16:07:17-07:00,0,5
style.css,225,css,2ef3e776,Jas Sandhu,2025-05-01,16:07:17,-07:00,2025-05-01T16:07:17-07:00,0,17
style.css,226,css,2ef3e776,Jas Sandhu,2025-05-01,16:07:17,-07:00,2025-05-01T16:07:17-07:00,0,15
style.css,227,css,2ef3e776,Jas Sandhu,2025-05-01,16:07:17,-07:00,2025-05-01T16:07:17-07:00,0,0
style.css,228,css,2ef3e776,Jas Sandhu,2025-05-01,16:07:17,-07:00,2025-05-01T16:07:17-07:00,0,0
style.css,229,css,2ef3e776,Jas Sandhu,2025-05-01,16:07:17,-07:00,2025-05-01T16:07:17-07:00,0,10
style.css,230,css,fb382c3d,JasSandhu14,2025-05-02,18:45:40,-07:00,2025-05-02T18:45:40-07:00,0,44
style.css,231,css,2ef3e776,Jas Sandhu,2025-05-01,16:07:17,-07:00,2025-05-01T16:07:17-07:00,0,0
style.css,232,css,2ef3e776,Jas Sandhu,2025-05-01,16:07:17,-07:00,2025-05-01T16:07:17-07:00,0,11
style.css,233,css,2ef3e776,Jas Sandhu,2025-05-01,16:07:17,-07:00,2025-05-01T16:07:17-07:00,0,18
style.css,234,css,2ef3e776,Jas Sandhu,2025-05-01,16:07:17,-07:00,2025-05-01T16:07:17-07:00,0,0
style.css,235,css,2ef3e776,Jas Sandhu,2025-05-01,16:07:17,-07:00,2025-05-01T16:07:17-07:00,0,0
index.js,1,js,dea9beb9,JasSandhu14,2025-04-24,17:09:19,-07:00,2025-04-24T17:09:19-07:00,0,71
index.js,2,js,4f633b54,Jas Sandhu,2025-04-24,11:23:38,-07:00,2025-04-24T11:23:38-07:00,0,0
index.js,3,js,4f633b54,Jas Sandhu,2025-04-24,11:23:38,-07:00,2025-04-24T11:23:38-07:00,0,55
index.js,4,js,4f633b54,Jas Sandhu,2025-04-24,11:23:38,-07:00,2025-04-24T11:23:38-07:00,0,43
index.js,5,js,4f633b54,Jas Sandhu,2025-04-24,11:23:38,-07:00,2025-04-24T11:23:38-07:00,0,0
index.js,6,js,4f633b54,Jas Sandhu,2025-04-24,11:23:38,-07:00,2025-04-24T11:23:38-07:00,0,61
index.js,7,js,dea9beb9,JasSandhu14,2025-04-24,17:09:19,-07:00,2025-04-24T17:09:19-07:00,0,55
index.js,8,js,dea9beb9,JasSandhu14,2025-04-24,17:09:19,-07:00,2025-04-24T17:09:19-07:00,0,0
index.js,9,js,dea9beb9,JasSandhu14,2025-04-24,17:09:19,-07:00,2025-04-24T17:09:19-07:00,0,55
index.js,10,js,dea9beb9,JasSandhu14,2025-04-24,17:09:19,-07:00,2025-04-24T17:09:19-07:00,0,61
index.js,11,js,dea9beb9,JasSandhu14,2025-04-24,17:09:19,-07:00,2025-04-24T17:09:19-07:00,0,0
index.js,12,js,dea9beb9,JasSandhu14,2025-04-24,17:09:19,-07:00,2025-04-24T17:09:19-07:00,0,18
index.js,13,js,dea9beb9,JasSandhu14,2025-04-24,17:09:19,-07:00,2025-04-24T17:09:19-07:00,0,25
index.js,14,js,dea9beb9,JasSandhu14,2025-04-24,17:09:19,-07:00,2025-04-24T17:09:19-07:00,0,20
index.js,15,js,dea9beb9,JasSandhu14,2025-04-24,17:09:19,-07:00,2025-04-24T17:09:19-07:00,0,3
index.js,16,js,dea9beb9,JasSandhu14,2025-04-24,17:09:19,-07:00,2025-04-24T17:09:19-07:00,0,49
index.js,17,js,dea9beb9,JasSandhu14,2025-04-24,17:09:19,-07:00,2025-04-24T17:09:19-07:00,0,49
index.js,18,js,dea9beb9,JasSandhu14,2025-04-24,17:09:19,-07:00,2025-04-24T17:09:19-07:00,0,55
index.js,19,js,dea9beb9,JasSandhu14,2025-04-24,17:09:19,-07:00,2025-04-24T17:09:19-07:00,0,55
index.js,20,js,dea9beb9,JasSandhu14,2025-04-24,17:09:19,-07:00,2025-04-24T17:09:19-07:00,0,4
index.js,21,js,dea9beb9,JasSandhu14,2025-04-24,17:09:19,-07:00,2025-04-24T17:09:19-07:00,0,1
index.js,22,js,dea9beb9,JasSandhu14,2025-04-24,17:09:19,-07:00,2025-04-24T17:09:19-07:00,0,0
index.js,23,js,dea9beb9,JasSandhu14,2025-04-24,17:09:19,-07:00,2025-04-24T17:09:19-07:00,0,0
index.html,1,html,9a762dfd,Jas Sandhu,2025-04-03,16:09:14,-07:00,2025-04-03T16:09:14-07:00,0,14
index.html,2,html,9a762dfd,Jas Sandhu,2025-04-03,16:09:14,-07:00,2025-04-03T16:09:14-07:00,0,15
index.html,3,html,9a762dfd,Jas Sandhu,2025-04-03,16:09:14,-07:00,2025-04-03T16:09:14-07:00,0,5
index.html,4,html,9a762dfd,Jas Sandhu,2025-04-03,16:09:14,-07:00,2025-04-03T16:09:14-07:00,0,21
index.html,5,html,9a762dfd,Jas Sandhu,2025-04-03,16:09:14,-07:00,2025-04-03T16:09:14-07:00,0,69
index.html,6,html,9a762dfd,Jas Sandhu,2025-04-03,16:09:14,-07:00,2025-04-03T16:09:14-07:00,0,53
index.html,7,html,81bc3f32,Jas Sandhu,2025-04-03,16:38:23,-07:00,2025-04-03T16:38:23-07:00,0,40
index.html,8,html,4b617ded,Jas Sandhu,2025-04-16,20:31:14,-07:00,2025-04-16T20:31:14-07:00,0,46
index.html,9,html,4f633b54,Jas Sandhu,2025-04-24,11:23:38,-07:00,2025-04-24T11:23:38-07:00,0,51
index.html,10,html,5eda7f81,Jas Sandhu,2025-04-03,19:52:25,-07:00,2025-04-03T19:52:25-07:00,0,6
index.html,11,html,4f633b54,Jas Sandhu,2025-04-24,11:23:38,-07:00,2025-04-24T11:23:38-07:00,0,0
index.html,12,html,5eda7f81,Jas Sandhu,2025-04-03,19:52:25,-07:00,2025-04-03T19:52:25-07:00,0,5
index.html,13,html,dea9beb9,JasSandhu14,2025-04-24,17:09:19,-07:00,2025-04-24T17:09:19-07:00,0,8
index.html,14,html,dea9beb9,JasSandhu14,2025-04-24,17:09:19,-07:00,2025-04-24T17:09:19-07:00,0,28
index.html,15,html,dea9beb9,JasSandhu14,2025-04-24,17:09:19,-07:00,2025-04-24T17:09:19-07:00,0,38
index.html,16,html,dea9beb9,JasSandhu14,2025-04-24,17:09:19,-07:00,2025-04-24T17:09:19-07:00,0,42
index.html,17,html,dea9beb9,JasSandhu14,2025-04-24,17:09:19,-07:00,2025-04-24T17:09:19-07:00,0,66
index.html,18,html,dea9beb9,JasSandhu14,2025-04-24,17:09:19,-07:00,2025-04-24T17:09:19-07:00,0,40
index.html,19,html,dea9beb9,JasSandhu14,2025-04-24,17:09:19,-07:00,2025-04-24T17:09:19-07:00,0,8
index.html,20,html,28ef9a11,Jas Sandhu,2025-04-08,14:21:04,-07:00,2025-04-08T14:21:04-07:00,0,0
index.html,21,html,9a762dfd,Jas Sandhu,2025-04-03,16:09:14,-07:00,2025-04-03T16:09:14-07:00,0,18
index.html,22,html,9a762dfd,Jas Sandhu,2025-04-03,16:09:14,-07:00,2025-04-03T16:09:14-07:00,0,143
index.html,23,html,81bc3f32,Jas Sandhu,2025-04-03,16:38:23,-07:00,2025-04-03T16:38:23-07:00,0,125
index.html,24,html,4f633b54,Jas Sandhu,2025-04-24,11:23:38,-07:00,2025-04-24T11:23:38-07:00,0,0
index.html,25,html,4f633b54,Jas Sandhu,2025-04-24,11:23:38,-07:00,2025-04-24T11:23:38-07:00,0,23
index.html,26,html,4f633b54,Jas Sandhu,2025-04-24,11:23:38,-07:00,2025-04-24T11:23:38-07:00,0,21
index.html,27,html,4f633b54,Jas Sandhu,2025-04-24,11:23:38,-07:00,2025-04-24T11:23:38-07:00,0,50
index.html,28,html,4f633b54,Jas Sandhu,2025-04-24,11:23:38,-07:00,2025-04-24T11:23:38-07:00,0,5
index.html,29,html,dea9beb9,JasSandhu14,2025-04-24,17:09:19,-07:00,2025-04-24T17:09:19-07:00,0,0
index.html,30,html,dea9beb9,JasSandhu14,2025-04-24,17:09:19,-07:00,2025-04-24T17:09:19-07:00,0,23
index.html,31,html,dea9beb9,JasSandhu14,2025-04-24,17:09:19,-07:00,2025-04-24T17:09:19-07:00,0,33
index.html,32,html,dea9beb9,JasSandhu14,2025-04-24,17:09:19,-07:00,2025-04-24T17:09:19-07:00,0,5
index.html,33,html,9a762dfd,Jas Sandhu,2025-04-03,16:09:14,-07:00,2025-04-03T16:09:14-07:00,0,6
index.html,34,html,9a762dfd,Jas Sandhu,2025-04-03,16:09:14,-07:00,2025-04-03T16:09:14-07:00,0,6
global.js,1,js,4b617ded,Jas Sandhu,2025-04-16,20:31:14,-07:00,2025-04-16T20:31:14-07:00,0,26
global.js,2,js,4b617ded,Jas Sandhu,2025-04-16,20:31:14,-07:00,2025-04-16T20:31:14-07:00,0,0
global.js,3,js,4b617ded,Jas Sandhu,2025-04-16,20:31:14,-07:00,2025-04-16T20:31:14-07:00,0,42
global.js,4,js,4b617ded,Jas Sandhu,2025-04-16,20:31:14,-07:00,2025-04-16T20:31:14-07:00,0,53
global.js,5,js,4b617ded,Jas Sandhu,2025-04-16,20:31:14,-07:00,2025-04-16T20:31:14-07:00,0,0
global.js,6,js,4b617ded,Jas Sandhu,2025-04-16,20:31:14,-07:00,2025-04-16T20:31:14-07:00,0,0
global.js,7,js,4b617ded,Jas Sandhu,2025-04-16,20:31:14,-07:00,2025-04-16T20:31:14-07:00,0,29
global.js,8,js,4b617ded,Jas Sandhu,2025-04-16,20:31:14,-07:00,2025-04-16T20:31:14-07:00,0,0
global.js,9,js,4b617ded,Jas Sandhu,2025-04-16,20:31:14,-07:00,2025-04-16T20:31:14-07:00,0,34
global.js,10,js,4b617ded,Jas Sandhu,2025-04-16,20:31:14,-07:00,2025-04-16T20:31:14-07:00,0,74
global.js,11,js,4b617ded,Jas Sandhu,2025-04-16,20:31:14,-07:00,2025-04-16T20:31:14-07:00,0,4
global.js,12,js,4b617ded,Jas Sandhu,2025-04-16,20:31:14,-07:00,2025-04-16T20:31:14-07:00,0,0
global.js,13,js,4b617ded,Jas Sandhu,2025-04-16,20:31:14,-07:00,2025-04-16T20:31:14-07:00,0,40
global.js,14,js,4b617ded,Jas Sandhu,2025-04-16,20:31:14,-07:00,2025-04-16T20:31:14-07:00,0,0
global.js,15,js,4b617ded,Jas Sandhu,2025-04-16,20:31:14,-07:00,2025-04-16T20:31:14-07:00,0,12
global.js,16,js,4b617ded,Jas Sandhu,2025-04-16,20:31:14,-07:00,2025-04-16T20:31:14-07:00,0,26
global.js,17,js,52720299,Jas Sandhu,2025-04-16,22:30:49,-07:00,2025-04-16T22:30:49-07:00,0,34
global.js,18,js,4b617ded,Jas Sandhu,2025-04-16,20:31:14,-07:00,2025-04-16T20:31:14-07:00,0,39
global.js,19,js,2aee76b1,Jas Sandhu,2025-04-17,14:14:04,-07:00,2025-04-17T14:14:04-07:00,0,57
global.js,20,js,00000000,Not Committed Yet,2025-05-07,17:06:51,-07:00,2025-05-07T17:06:51-07:00,0,36
global.js,21,js,00000000,Not Committed Yet,2025-05-07,17:06:51,-07:00,2025-05-07T17:06:51-07:00,0,29
global.js,22,js,4b617ded,Jas Sandhu,2025-04-16,20:31:14,-07:00,2025-04-16T20:31:14-07:00,0,1
global.js,23,js,4b617ded,Jas Sandhu,2025-04-16,20:31:14,-07:00,2025-04-16T20:31:14-07:00,0,0
global.js,24,js,4b617ded,Jas Sandhu,2025-04-16,20:31:14,-07:00,2025-04-16T20:31:14-07:00,0,39
global.js,25,js,4b617ded,Jas Sandhu,2025-04-16,20:31:14,-07:00,2025-04-16T20:31:14-07:00,0,26
global.js,26,js,4b617ded,Jas Sandhu,2025-04-16,20:31:14,-07:00,2025-04-16T20:31:14-07:00,0,0
global.js,27,js,4b617ded,Jas Sandhu,2025-04-16,20:31:14,-07:00,2025-04-16T20:31:14-07:00,0,21
global.js,28,js,2aee76b1,Jas Sandhu,2025-04-17,14:14:04,-07:00,2025-04-17T14:14:04-07:00,0,15
global.js,29,js,2aee76b1,Jas Sandhu,2025-04-17,14:14:04,-07:00,2025-04-17T14:14:04-07:00,0,19
global.js,30,js,2aee76b1,Jas Sandhu,2025-04-17,14:14:04,-07:00,2025-04-17T14:14:04-07:00,0,42
global.js,31,js,52720299,Jas Sandhu,2025-04-16,22:30:49,-07:00,2025-04-16T22:30:49-07:00,0,0
global.js,32,js,2aee76b1,Jas Sandhu,2025-04-17,14:14:04,-07:00,2025-04-17T14:14:04-07:00,0,89
global.js,33,js,2aee76b1,Jas Sandhu,2025-04-17,14:14:04,-07:00,2025-04-17T14:14:04-07:00,0,55
global.js,34,js,b6169b0c,Jas Sandhu,2025-04-17,22:25:42,-07:00,2025-04-17T22:25:42-07:00,0,53
global.js,35,js,52720299,Jas Sandhu,2025-04-16,22:30:49,-07:00,2025-04-16T22:30:49-07:00,0,0
global.js,36,js,2aee76b1,Jas Sandhu,2025-04-17,14:14:04,-07:00,2025-04-17T14:14:04-07:00,0,53
global.js,37,js,52720299,Jas Sandhu,2025-04-16,22:30:49,-07:00,2025-04-16T22:30:49-07:00,0,0
global.js,38,js,2aee76b1,Jas Sandhu,2025-04-17,14:14:04,-07:00,2025-04-17T14:14:04-07:00,0,35
global.js,39,js,2aee76b1,Jas Sandhu,2025-04-17,14:14:04,-07:00,2025-04-17T14:14:04-07:00,0,12
global.js,40,js,2aee76b1,Jas Sandhu,2025-04-17,14:14:04,-07:00,2025-04-17T14:14:04-07:00,0,21
global.js,41,js,2aee76b1,Jas Sandhu,2025-04-17,14:14:04,-07:00,2025-04-17T14:14:04-07:00,0,13
global.js,42,js,faf26c4b,JasSandhu14,2025-04-16,22:44:44,-07:00,2025-04-16T22:44:44-07:00,0,0
global.js,43,js,2aee76b1,Jas Sandhu,2025-04-17,14:14:04,-07:00,2025-04-17T14:14:04-07:00,0,66
global.js,44,js,2aee76b1,Jas Sandhu,2025-04-17,14:14:04,-07:00,2025-04-17T14:14:04-07:00,0,26
global.js,45,js,2aee76b1,Jas Sandhu,2025-04-17,14:14:04,-07:00,2025-04-17T14:14:04-07:00,0,0
global.js,46,js,2aee76b1,Jas Sandhu,2025-04-17,14:14:04,-07:00,2025-04-17T14:14:04-07:00,0,0
global.js,47,js,2aee76b1,Jas Sandhu,2025-04-17,14:14:04,-07:00,2025-04-17T14:14:04-07:00,0,28
global.js,48,js,2aee76b1,Jas Sandhu,2025-04-17,14:14:04,-07:00,2025-04-17T14:14:04-07:00,0,18
global.js,49,js,2aee76b1,Jas Sandhu,2025-04-17,14:14:04,-07:00,2025-04-17T14:14:04-07:00,0,0
global.js,50,js,2aee76b1,Jas Sandhu,2025-04-17,14:14:04,-07:00,2025-04-17T14:14:04-07:00,0,0
global.js,51,js,2aee76b1,Jas Sandhu,2025-04-17,14:14:04,-07:00,2025-04-17T14:14:04-07:00,0,0
global.js,52,js,2aee76b1,Jas Sandhu,2025-04-17,14:14:04,-07:00,2025-04-17T14:14:04-07:00,0,32
global.js,53,js,2aee76b1,Jas Sandhu,2025-04-17,14:14:04,-07:00,2025-04-17T14:14:04-07:00,0,12
global.js,54,js,2aee76b1,Jas Sandhu,2025-04-17,14:14:04,-07:00,2025-04-17T14:14:04-07:00,0,0
global.js,55,js,2aee76b1,Jas Sandhu,2025-04-17,14:14:04,-07:00,2025-04-17T14:14:04-07:00,1,27
global.js,56,js,2aee76b1,Jas Sandhu,2025-04-17,14:14:04,-07:00,2025-04-17T14:14:04-07:00,2,5
global.js,57,js,2aee76b1,Jas Sandhu,2025-04-17,14:14:04,-07:00,2025-04-17T14:14:04-07:00,2,7
global.js,58,js,2aee76b1,Jas Sandhu,2025-04-17,14:14:04,-07:00,2025-04-17T14:14:04-07:00,3,44
global.js,59,js,2aee76b1,Jas Sandhu,2025-04-17,14:14:04,-07:00,2025-04-17T14:14:04-07:00,0,35
global.js,60,js,2aee76b1,Jas Sandhu,2025-04-17,14:14:04,-07:00,2025-04-17T14:14:04-07:00,0,33
global.js,61,js,2aee76b1,Jas Sandhu,2025-04-17,14:14:04,-07:00,2025-04-17T14:14:04-07:00,2,8
global.js,62,js,2aee76b1,Jas Sandhu,2025-04-17,14:14:04,-07:00,2025-04-17T14:14:04-07:00,1,9
global.js,63,js,2aee76b1,Jas Sandhu,2025-04-17,14:14:04,-07:00,2025-04-17T14:14:04-07:00,0,1
global.js,64,js,2aee76b1,Jas Sandhu,2025-04-17,14:14:04,-07:00,2025-04-17T14:14:04-07:00,0,0
global.js,65,js,2aee76b1,Jas Sandhu,2025-04-17,14:14:04,-07:00,2025-04-17T14:14:04-07:00,0,46
global.js,66,js,2aee76b1,Jas Sandhu,2025-04-17,14:14:04,-07:00,2025-04-17T14:14:04-07:00,0,0
global.js,67,js,2aee76b1,Jas Sandhu,2025-04-17,14:14:04,-07:00,2025-04-17T14:14:04-07:00,0,50
global.js,68,js,2aee76b1,Jas Sandhu,2025-04-17,14:14:04,-07:00,2025-04-17T14:14:04-07:00,0,58
global.js,69,js,2aee76b1,Jas Sandhu,2025-04-17,14:14:04,-07:00,2025-04-17T14:14:04-07:00,0,78
global.js,70,js,2aee76b1,Jas Sandhu,2025-04-17,14:14:04,-07:00,2025-04-17T14:14:04-07:00,0,45
global.js,71,js,2aee76b1,Jas Sandhu,2025-04-17,14:14:04,-07:00,2025-04-17T14:14:04-07:00,0,2
global.js,72,js,2aee76b1,Jas Sandhu,2025-04-17,14:14:04,-07:00,2025-04-17T14:14:04-07:00,0,0
global.js,73,js,2aee76b1,Jas Sandhu,2025-04-17,14:14:04,-07:00,2025-04-17T14:14:04-07:00,0,34
global.js,74,js,2aee76b1,Jas Sandhu,2025-04-17,14:14:04,-07:00,2025-04-17T14:14:04-07:00,0,39
global.js,75,js,2aee76b1,Jas Sandhu,2025-04-17,14:14:04,-07:00,2025-04-17T14:14:04-07:00,0,72
global.js,76,js,2aee76b1,Jas Sandhu,2025-04-17,14:14:04,-07:00,2025-04-17T14:14:04-07:00,0,0
global.js,77,js,07ed36fc,JasSandhu14,2025-04-23,20:11:26,-07:00,2025-04-23T20:11:26-07:00,0,0
global.js,78,js,07ed36fc,JasSandhu14,2025-04-23,20:11:26,-07:00,2025-04-23T20:11:26-07:00,0,37
global.js,79,js,07ed36fc,JasSandhu14,2025-04-23,20:11:26,-07:00,2025-04-23T20:11:26-07:00,0,4
global.js,80,js,07ed36fc,JasSandhu14,2025-04-23,20:11:26,-07:00,2025-04-23T20:11:26-07:00,0,33
global.js,81,js,07ed36fc,JasSandhu14,2025-04-23,20:11:26,-07:00,2025-04-23T20:11:26-07:00,0,0
global.js,82,js,07ed36fc,JasSandhu14,2025-04-23,20:11:26,-07:00,2025-04-23T20:11:26-07:00,0,18
global.js,83,js,07ed36fc,JasSandhu14,2025-04-23,20:11:26,-07:00,2025-04-23T20:11:26-07:00,0,67
global.js,84,js,07ed36fc,JasSandhu14,2025-04-23,20:11:26,-07:00,2025-04-23T20:11:26-07:00,0,0
global.js,85,js,07ed36fc,JasSandhu14,2025-04-23,20:11:26,-07:00,2025-04-23T20:11:26-07:00,0,0
global.js,86,js,07ed36fc,JasSandhu14,2025-04-23,20:11:26,-07:00,2025-04-23T20:11:26-07:00,0,34
global.js,87,js,07ed36fc,JasSandhu14,2025-04-23,20:11:26,-07:00,2025-04-23T20:11:26-07:00,0,11
global.js,88,js,07ed36fc,JasSandhu14,2025-04-23,20:11:26,-07:00,2025-04-23T20:11:26-07:00,0,0
global.js,89,js,07ed36fc,JasSandhu14,2025-04-23,20:11:26,-07:00,2025-04-23T20:11:26-07:00,0,16
global.js,90,js,07ed36fc,JasSandhu14,2025-04-23,20:11:26,-07:00,2025-04-23T20:11:26-07:00,0,60
global.js,91,js,07ed36fc,JasSandhu14,2025-04-23,20:11:26,-07:00,2025-04-23T20:11:26-07:00,0,0
global.js,92,js,07ed36fc,JasSandhu14,2025-04-23,20:11:26,-07:00,2025-04-23T20:11:26-07:00,0,0
global.js,93,js,07ed36fc,JasSandhu14,2025-04-23,20:11:26,-07:00,2025-04-23T20:11:26-07:00,0,0
global.js,94,js,07ed36fc,JasSandhu14,2025-04-23,20:11:26,-07:00,2025-04-23T20:11:26-07:00,0,80
global.js,95,js,07ed36fc,JasSandhu14,2025-04-23,20:11:26,-07:00,2025-04-23T20:11:26-07:00,0,43
global.js,96,js,07ed36fc,JasSandhu14,2025-04-23,20:11:26,-07:00,2025-04-23T20:11:26-07:00,0,23
global.js,97,js,07ed36fc,JasSandhu14,2025-04-23,20:11:26,-07:00,2025-04-23T20:11:26-07:00,0,52
global.js,98,js,07ed36fc,JasSandhu14,2025-04-23,20:11:26,-07:00,2025-04-23T20:11:26-07:00,0,6
global.js,99,js,07ed36fc,JasSandhu14,2025-04-23,20:11:26,-07:00,2025-04-23T20:11:26-07:00,0,0
global.js,100,js,07ed36fc,JasSandhu14,2025-04-23,20:11:26,-07:00,2025-04-23T20:11:26-07:00,0,0
global.js,101,js,07ed36fc,JasSandhu14,2025-04-23,20:11:26,-07:00,2025-04-23T20:11:26-07:00,0,32
global.js,102,js,07ed36fc,JasSandhu14,2025-04-23,20:11:26,-07:00,2025-04-23T20:11:26-07:00,0,31
global.js,103,js,07ed36fc,JasSandhu14,2025-04-23,20:11:26,-07:00,2025-04-23T20:11:26-07:00,0,0
global.js,104,js,07ed36fc,JasSandhu14,2025-04-23,20:11:26,-07:00,2025-04-23T20:11:26-07:00,0,24
global.js,105,js,07ed36fc,JasSandhu14,2025-04-23,20:11:26,-07:00,2025-04-23T20:11:26-07:00,0,58
global.js,106,js,07ed36fc,JasSandhu14,2025-04-23,20:11:26,-07:00,2025-04-23T20:11:26-07:00,0,70
global.js,107,js,07ed36fc,JasSandhu14,2025-04-23,20:11:26,-07:00,2025-04-23T20:11:26-07:00,0,0
global.js,108,js,07ed36fc,JasSandhu14,2025-04-23,20:11:26,-07:00,2025-04-23T20:11:26-07:00,0,28
global.js,109,js,07ed36fc,JasSandhu14,2025-04-23,20:11:26,-07:00,2025-04-23T20:11:26-07:00,0,49
global.js,110,js,07ed36fc,JasSandhu14,2025-04-23,20:11:26,-07:00,2025-04-23T20:11:26-07:00,0,41
global.js,111,js,07ed36fc,JasSandhu14,2025-04-23,20:11:26,-07:00,2025-04-23T20:11:26-07:00,0,33
global.js,112,js,07ed36fc,JasSandhu14,2025-04-23,20:11:26,-07:00,2025-04-23T20:11:26-07:00,0,68
global.js,113,js,f6d132ce,Jas Sandhu,2025-05-01,15:09:41,-07:00,2025-05-01T15:09:41-07:00,0,31
global.js,114,js,07ed36fc,JasSandhu14,2025-04-23,20:11:26,-07:00,2025-04-23T20:11:26-07:00,0,0
global.js,115,js,07ed36fc,JasSandhu14,2025-04-23,20:11:26,-07:00,2025-04-23T20:11:26-07:00,0,20
global.js,116,js,07ed36fc,JasSandhu14,2025-04-23,20:11:26,-07:00,2025-04-23T20:11:26-07:00,0,24
global.js,117,js,07ed36fc,JasSandhu14,2025-04-23,20:11:26,-07:00,2025-04-23T20:11:26-07:00,0,34
global.js,118,js,f6d132ce,Jas Sandhu,2025-05-01,15:09:41,-07:00,2025-05-01T15:09:41-07:00,0,4
global.js,119,js,07ed36fc,JasSandhu14,2025-04-23,20:11:26,-07:00,2025-04-23T20:11:26-07:00,0,20
global.js,120,js,f6d132ce,Jas Sandhu,2025-05-01,15:09:41,-07:00,2025-05-01T15:09:41-07:00,0,95
global.js,121,js,f6d132ce,Jas Sandhu,2025-05-01,15:09:41,-07:00,2025-05-01T15:09:41-07:00,0,5
global.js,122,js,07ed36fc,JasSandhu14,2025-04-23,20:11:26,-07:00,2025-04-23T20:11:26-07:00,0,1
global.js,123,js,07ed36fc,JasSandhu14,2025-04-23,20:11:26,-07:00,2025-04-23T20:11:26-07:00,0,0
global.js,124,js,07ed36fc,JasSandhu14,2025-04-23,20:11:26,-07:00,2025-04-23T20:11:26-07:00,0,37
global.js,125,js,07ed36fc,JasSandhu14,2025-04-23,20:11:26,-07:00,2025-04-23T20:11:26-07:00,0,2
global.js,126,js,dea9beb9,JasSandhu14,2025-04-24,17:09:19,-07:00,2025-04-24T17:09:19-07:00,0,0
global.js,127,js,dea9beb9,JasSandhu14,2025-04-24,17:09:19,-07:00,2025-04-24T17:09:19-07:00,0,0
global.js,128,js,dea9beb9,JasSandhu14,2025-04-24,17:09:19,-07:00,2025-04-24T17:09:19-07:00,0,47
global.js,129,js,dea9beb9,JasSandhu14,2025-04-24,17:09:19,-07:00,2025-04-24T17:09:19-07:00,0,60
global.js,130,js,07ed36fc,JasSandhu14,2025-04-23,20:11:26,-07:00,2025-04-23T20:11:26-07:00,0,0
resume\index.html,1,html,5eda7f81,Jas Sandhu,2025-04-03,19:52:25,-07:00,2025-04-03T19:52:25-07:00,0,14
resume\index.html,2,html,5eda7f81,Jas Sandhu,2025-04-03,19:52:25,-07:00,2025-04-03T19:52:25-07:00,0,15
resume\index.html,3,html,5eda7f81,Jas Sandhu,2025-04-03,19:52:25,-07:00,2025-04-03T19:52:25-07:00,0,5
resume\index.html,4,html,5eda7f81,Jas Sandhu,2025-04-03,19:52:25,-07:00,2025-04-03T19:52:25-07:00,0,21
resume\index.html,5,html,5eda7f81,Jas Sandhu,2025-04-03,19:52:25,-07:00,2025-04-03T19:52:25-07:00,0,69
resume\index.html,6,html,5eda7f81,Jas Sandhu,2025-04-03,19:52:25,-07:00,2025-04-03T19:52:25-07:00,0,20
resume\index.html,7,html,28ef9a11,Jas Sandhu,2025-04-08,14:21:04,-07:00,2025-04-08T14:21:04-07:00,0,43
resume\index.html,8,html,4b617ded,Jas Sandhu,2025-04-16,20:31:14,-07:00,2025-04-16T20:31:14-07:00,0,49
resume\index.html,9,html,5eda7f81,Jas Sandhu,2025-04-03,19:52:25,-07:00,2025-04-03T19:52:25-07:00,0,6
resume\index.html,10,html,5eda7f81,Jas Sandhu,2025-04-03,19:52:25,-07:00,2025-04-03T19:52:25-07:00,0,5
resume\index.html,11,html,4b617ded,Jas Sandhu,2025-04-16,20:31:14,-07:00,2025-04-16T20:31:14-07:00,0,8
resume\index.html,12,html,4b617ded,Jas Sandhu,2025-04-16,20:31:14,-07:00,2025-04-16T20:31:14-07:00,0,31
resume\index.html,13,html,4b617ded,Jas Sandhu,2025-04-16,20:31:14,-07:00,2025-04-16T20:31:14-07:00,0,40
resume\index.html,14,html,4b617ded,Jas Sandhu,2025-04-16,20:31:14,-07:00,2025-04-16T20:31:14-07:00,0,44
resume\index.html,15,html,4b617ded,Jas Sandhu,2025-04-16,20:31:14,-07:00,2025-04-16T20:31:14-07:00,0,66
resume\index.html,16,html,4b617ded,Jas Sandhu,2025-04-16,20:31:14,-07:00,2025-04-16T20:31:14-07:00,0,42
resume\index.html,17,html,4b617ded,Jas Sandhu,2025-04-16,20:31:14,-07:00,2025-04-16T20:31:14-07:00,0,8
resume\index.html,18,html,5eda7f81,Jas Sandhu,2025-04-03,19:52:25,-07:00,2025-04-03T19:52:25-07:00,0,0
resume\index.html,19,html,5eda7f81,Jas Sandhu,2025-04-03,19:52:25,-07:00,2025-04-03T19:52:25-07:00,0,14
resume\index.html,20,html,86a8553d,JasSandhu14,2025-04-09,21:04:35,-07:00,2025-04-09T21:04:35-07:00,0,19
resume\index.html,21,html,86a8553d,JasSandhu14,2025-04-09,21:04:35,-07:00,2025-04-09T21:04:35-07:00,0,24
resume\index.html,22,html,86a8553d,JasSandhu14,2025-04-09,21:04:35,-07:00,2025-04-09T21:04:35-07:00,0,15
resume\index.html,23,html,86a8553d,JasSandhu14,2025-04-09,21:04:35,-07:00,2025-04-09T21:04:35-07:00,0,49
resume\index.html,24,html,86a8553d,JasSandhu14,2025-04-09,21:04:35,-07:00,2025-04-09T21:04:35-07:00,0,58
resume\index.html,25,html,86a8553d,JasSandhu14,2025-04-09,21:04:35,-07:00,2025-04-09T21:04:35-07:00,0,9
resume\index.html,26,html,5eda7f81,Jas Sandhu,2025-04-03,19:52:25,-07:00,2025-04-03T19:52:25-07:00,0,0
resume\index.html,27,html,86a8553d,JasSandhu14,2025-04-09,21:04:35,-07:00,2025-04-09T21:04:35-07:00,0,26
resume\index.html,28,html,86a8553d,JasSandhu14,2025-04-09,21:04:35,-07:00,2025-04-09T21:04:35-07:00,0,17
resume\index.html,29,html,86a8553d,JasSandhu14,2025-04-09,21:04:35,-07:00,2025-04-09T21:04:35-07:00,0,57
resume\index.html,30,html,86a8553d,JasSandhu14,2025-04-09,21:04:35,-07:00,2025-04-09T21:04:35-07:00,0,83
resume\index.html,31,html,86a8553d,JasSandhu14,2025-04-09,21:04:35,-07:00,2025-04-09T21:04:35-07:00,0,49
resume\index.html,32,html,86a8553d,JasSandhu14,2025-04-09,21:04:35,-07:00,2025-04-09T21:04:35-07:00,0,9
resume\index.html,33,html,5eda7f81,Jas Sandhu,2025-04-03,19:52:25,-07:00,2025-04-03T19:52:25-07:00,0,0
resume\index.html,34,html,86a8553d,JasSandhu14,2025-04-09,21:04:35,-07:00,2025-04-09T21:04:35-07:00,0,27
resume\index.html,35,html,86a8553d,JasSandhu14,2025-04-09,21:04:35,-07:00,2025-04-09T21:04:35-07:00,0,18
resume\index.html,36,html,86a8553d,JasSandhu14,2025-04-09,21:04:35,-07:00,2025-04-09T21:04:35-07:00,0,14
resume\index.html,37,html,86a8553d,JasSandhu14,2025-04-09,21:04:35,-07:00,2025-04-09T21:04:35-07:00,0,73
resume\index.html,38,html,86a8553d,JasSandhu14,2025-04-09,21:04:35,-07:00,2025-04-09T21:04:35-07:00,0,26
resume\index.html,39,html,86a8553d,JasSandhu14,2025-04-09,21:04:35,-07:00,2025-04-09T21:04:35-07:00,0,3
resume\index.html,40,html,86a8553d,JasSandhu14,2025-04-09,21:04:35,-07:00,2025-04-09T21:04:35-07:00,0,122
resume\index.html,41,html,86a8553d,JasSandhu14,2025-04-09,21:04:35,-07:00,2025-04-09T21:04:35-07:00,0,107
resume\index.html,42,html,86a8553d,JasSandhu14,2025-04-09,21:04:35,-07:00,2025-04-09T21:04:35-07:00,0,108
resume\index.html,43,html,86a8553d,JasSandhu14,2025-04-09,21:04:35,-07:00,2025-04-09T21:04:35-07:00,0,4
resume\index.html,44,html,86a8553d,JasSandhu14,2025-04-09,21:04:35,-07:00,2025-04-09T21:04:35-07:00,0,3
resume\index.html,45,html,86a8553d,JasSandhu14,2025-04-09,21:04:35,-07:00,2025-04-09T21:04:35-07:00,0,14
resume\index.html,46,html,86a8553d,JasSandhu14,2025-04-09,21:04:35,-07:00,2025-04-09T21:04:35-07:00,0,108
resume\index.html,47,html,86a8553d,JasSandhu14,2025-04-09,21:04:35,-07:00,2025-04-09T21:04:35-07:00,0,26
resume\index.html,48,html,86a8553d,JasSandhu14,2025-04-09,21:04:35,-07:00,2025-04-09T21:04:35-07:00,0,3
resume\index.html,49,html,86a8553d,JasSandhu14,2025-04-09,21:04:35,-07:00,2025-04-09T21:04:35-07:00,0,108
resume\index.html,50,html,86a8553d,JasSandhu14,2025-04-09,21:04:35,-07:00,2025-04-09T21:04:35-07:00,0,141
resume\index.html,51,html,86a8553d,JasSandhu14,2025-04-09,21:04:35,-07:00,2025-04-09T21:04:35-07:00,0,121
resume\index.html,52,html,86a8553d,JasSandhu14,2025-04-09,21:04:35,-07:00,2025-04-09T21:04:35-07:00,0,4
resume\index.html,53,html,86a8553d,JasSandhu14,2025-04-09,21:04:35,-07:00,2025-04-09T21:04:35-07:00,0,3
resume\index.html,54,html,86a8553d,JasSandhu14,2025-04-09,21:04:35,-07:00,2025-04-09T21:04:35-07:00,0,9
resume\index.html,55,html,5eda7f81,Jas Sandhu,2025-04-03,19:52:25,-07:00,2025-04-03T19:52:25-07:00,0,0
resume\index.html,56,html,86a8553d,JasSandhu14,2025-04-09,21:04:35,-07:00,2025-04-09T21:04:35-07:00,0,23
resume\index.html,57,html,86a8553d,JasSandhu14,2025-04-09,21:04:35,-07:00,2025-04-09T21:04:35-07:00,0,14
resume\index.html,58,html,344df2c7,Jas Sandhu,2025-04-10,11:45:41,-07:00,2025-04-10T11:45:41-07:00,0,57
resume\index.html,59,html,344df2c7,Jas Sandhu,2025-04-10,11:45:41,-07:00,2025-04-10T11:45:41-07:00,0,62
resume\index.html,60,html,344df2c7,Jas Sandhu,2025-04-10,11:45:41,-07:00,2025-04-10T11:45:41-07:00,0,68
resume\index.html,61,html,344df2c7,Jas Sandhu,2025-04-10,11:45:41,-07:00,2025-04-10T11:45:41-07:00,0,60
resume\index.html,62,html,86a8553d,JasSandhu14,2025-04-09,21:04:35,-07:00,2025-04-09T21:04:35-07:00,0,9
resume\index.html,63,html,86a8553d,JasSandhu14,2025-04-09,21:04:35,-07:00,2025-04-09T21:04:35-07:00,0,5
resume\index.html,64,html,5eda7f81,Jas Sandhu,2025-04-03,19:52:25,-07:00,2025-04-03T19:52:25-07:00,0,6
resume\index.html,65,html,5eda7f81,Jas Sandhu,2025-04-03,19:52:25,-07:00,2025-04-03T19:52:25-07:00,0,6
projects\projects.js,1,js,07ed36fc,JasSandhu14,2025-04-23,20:11:26,-07:00,2025-04-23T20:11:26-07:00,0,56
projects\projects.js,2,js,f6d132ce,Jas Sandhu,2025-05-01,15:09:41,-07:00,2025-05-01T15:09:41-07:00,0,64
projects\projects.js,3,js,f6d132ce,Jas Sandhu,2025-05-01,15:09:41,-07:00,2025-05-01T15:09:41-07:00,0,0
projects\projects.js,4,js,07ed36fc,JasSandhu14,2025-04-23,20:11:26,-07:00,2025-04-23T20:11:26-07:00,0,0
projects\projects.js,5,js,07ed36fc,JasSandhu14,2025-04-23,20:11:26,-07:00,2025-04-23T20:11:26-07:00,0,56
projects\projects.js,6,js,07ed36fc,JasSandhu14,2025-04-23,20:11:26,-07:00,2025-04-23T20:11:26-07:00,0,61
projects\projects.js,7,js,07ed36fc,JasSandhu14,2025-04-23,20:11:26,-07:00,2025-04-23T20:11:26-07:00,0,0
projects\projects.js,8,js,07ed36fc,JasSandhu14,2025-04-23,20:11:26,-07:00,2025-04-23T20:11:26-07:00,0,49
projects\projects.js,9,js,07ed36fc,JasSandhu14,2025-04-23,20:11:26,-07:00,2025-04-23T20:11:26-07:00,0,0
projects\projects.js,10,js,07ed36fc,JasSandhu14,2025-04-23,20:11:26,-07:00,2025-04-23T20:11:26-07:00,0,62
projects\projects.js,11,js,07ed36fc,JasSandhu14,2025-04-23,20:11:26,-07:00,2025-04-23T20:11:26-07:00,0,18
projects\projects.js,12,js,07ed36fc,JasSandhu14,2025-04-23,20:11:26,-07:00,2025-04-23T20:11:26-07:00,0,63
projects\projects.js,13,js,f6d132ce,Jas Sandhu,2025-05-01,15:09:41,-07:00,2025-05-01T15:09:41-07:00,0,0
projects\projects.js,14,js,f6d132ce,Jas Sandhu,2025-05-01,15:09:41,-07:00,2025-05-01T15:09:41-07:00,0,0
projects\projects.js,15,js,fb382c3d,JasSandhu14,2025-05-02,18:45:40,-07:00,2025-05-02T18:45:40-07:00,0,22
projects\projects.js,16,js,fb382c3d,JasSandhu14,2025-05-02,18:45:40,-07:00,2025-05-02T18:45:40-07:00,0,20
projects\projects.js,17,js,f6d132ce,Jas Sandhu,2025-05-01,15:09:41,-07:00,2025-05-01T15:09:41-07:00,0,58
projects\projects.js,18,js,34c9aff5,Jas Sandhu,2025-05-01,15:26:11,-07:00,2025-05-01T15:26:11-07:00,0,39
projects\projects.js,19,js,34c9aff5,Jas Sandhu,2025-05-01,15:26:11,-07:00,2025-05-01T15:26:11-07:00,0,26
projects\projects.js,20,js,34c9aff5,Jas Sandhu,2025-05-01,15:26:11,-07:00,2025-05-01T15:26:11-07:00,0,30
projects\projects.js,21,js,34c9aff5,Jas Sandhu,2025-05-01,15:26:11,-07:00,2025-05-01T15:26:11-07:00,0,13
projects\projects.js,22,js,34c9aff5,Jas Sandhu,2025-05-01,15:26:11,-07:00,2025-05-01T15:26:11-07:00,0,15
projects\projects.js,23,js,34c9aff5,Jas Sandhu,2025-05-01,15:26:11,-07:00,2025-05-01T15:26:11-07:00,0,13
projects\projects.js,24,js,34c9aff5,Jas Sandhu,2025-05-01,15:26:11,-07:00,2025-05-01T15:26:11-07:00,0,1
projects\projects.js,25,js,34c9aff5,Jas Sandhu,2025-05-01,15:26:11,-07:00,2025-05-01T15:26:11-07:00,0,19
projects\projects.js,26,js,34c9aff5,Jas Sandhu,2025-05-01,15:26:11,-07:00,2025-05-01T15:26:11-07:00,0,51
projects\projects.js,27,js,34c9aff5,Jas Sandhu,2025-05-01,15:26:11,-07:00,2025-05-01T15:26:11-07:00,0,44
projects\projects.js,28,js,34c9aff5,Jas Sandhu,2025-05-01,15:26:11,-07:00,2025-05-01T15:26:11-07:00,0,2
projects\projects.js,29,js,34c9aff5,Jas Sandhu,2025-05-01,15:26:11,-07:00,2025-05-01T15:26:11-07:00,0,51
projects\projects.js,30,js,34c9aff5,Jas Sandhu,2025-05-01,15:26:11,-07:00,2025-05-01T15:26:11-07:00,0,54
projects\projects.js,31,js,34c9aff5,Jas Sandhu,2025-05-01,15:26:11,-07:00,2025-05-01T15:26:11-07:00,0,43
projects\projects.js,32,js,34c9aff5,Jas Sandhu,2025-05-01,15:26:11,-07:00,2025-05-01T15:26:11-07:00,0,52
projects\projects.js,33,js,34c9aff5,Jas Sandhu,2025-05-01,15:26:11,-07:00,2025-05-01T15:26:11-07:00,0,34
projects\projects.js,34,js,34c9aff5,Jas Sandhu,2025-05-01,15:26:11,-07:00,2025-05-01T15:26:11-07:00,0,29
projects\projects.js,35,js,34c9aff5,Jas Sandhu,2025-05-01,15:26:11,-07:00,2025-05-01T15:26:11-07:00,0,33
projects\projects.js,36,js,fb382c3d,JasSandhu14,2025-05-02,18:45:40,-07:00,2025-05-02T18:45:40-07:00,0,35
projects\projects.js,37,js,34c9aff5,Jas Sandhu,2025-05-01,15:26:11,-07:00,2025-05-01T15:26:11-07:00,0,33
projects\projects.js,38,js,34c9aff5,Jas Sandhu,2025-05-01,15:26:11,-07:00,2025-05-01T15:26:11-07:00,0,54
projects\projects.js,39,js,fb382c3d,JasSandhu14,2025-05-02,18:45:40,-07:00,2025-05-02T18:45:40-07:00,0,47
projects\projects.js,40,js,fb382c3d,JasSandhu14,2025-05-02,18:45:40,-07:00,2025-05-02T18:45:40-07:00,0,18
projects\projects.js,41,js,fb382c3d,JasSandhu14,2025-05-02,18:45:40,-07:00,2025-05-02T18:45:40-07:00,0,0
projects\projects.js,42,js,34c9aff5,Jas Sandhu,2025-05-01,15:26:11,-07:00,2025-05-01T15:26:11-07:00,0,30
projects\projects.js,43,js,fb382c3d,JasSandhu14,2025-05-02,18:45:40,-07:00,2025-05-02T18:45:40-07:00,0,5
projects\projects.js,44,js,34c9aff5,Jas Sandhu,2025-05-01,15:26:11,-07:00,2025-05-01T15:26:11-07:00,0,14
projects\projects.js,45,js,34c9aff5,Jas Sandhu,2025-05-01,15:26:11,-07:00,2025-05-01T15:26:11-07:00,0,14
projects\projects.js,46,js,34c9aff5,Jas Sandhu,2025-05-01,15:26:11,-07:00,2025-05-01T15:26:11-07:00,0,25
projects\projects.js,47,js,fb382c3d,JasSandhu14,2025-05-02,18:45:40,-07:00,2025-05-02T18:45:40-07:00,0,24
projects\projects.js,48,js,fb382c3d,JasSandhu14,2025-05-02,18:45:40,-07:00,2025-05-02T18:45:40-07:00,0,48
projects\projects.js,49,js,fb382c3d,JasSandhu14,2025-05-02,18:45:40,-07:00,2025-05-02T18:45:40-07:00,0,5
projects\projects.js,50,js,fb382c3d,JasSandhu14,2025-05-02,18:45:40,-07:00,2025-05-02T18:45:40-07:00,0,17
projects\projects.js,51,js,fb382c3d,JasSandhu14,2025-05-02,18:45:40,-07:00,2025-05-02T18:45:40-07:00,0,27
projects\projects.js,52,js,fb382c3d,JasSandhu14,2025-05-02,18:45:40,-07:00,2025-05-02T18:45:40-07:00,0,38
projects\projects.js,53,js,fb382c3d,JasSandhu14,2025-05-02,18:45:40,-07:00,2025-05-02T18:45:40-07:00,0,2
projects\projects.js,54,js,fb382c3d,JasSandhu14,2025-05-02,18:45:40,-07:00,2025-05-02T18:45:40-07:00,0,5
projects\projects.js,55,js,fb382c3d,JasSandhu14,2025-05-02,18:45:40,-07:00,2025-05-02T18:45:40-07:00,0,15
projects\projects.js,56,js,fb382c3d,JasSandhu14,2025-05-02,18:45:40,-07:00,2025-05-02T18:45:40-07:00,0,27
projects\projects.js,57,js,fb382c3d,JasSandhu14,2025-05-02,18:45:40,-07:00,2025-05-02T18:45:40-07:00,0,38
projects\projects.js,58,js,fb382c3d,JasSandhu14,2025-05-02,18:45:40,-07:00,2025-05-02T18:45:40-07:00,0,2
projects\projects.js,59,js,fb382c3d,JasSandhu14,2025-05-02,18:45:40,-07:00,2025-05-02T18:45:40-07:00,0,26
projects\projects.js,60,js,fb382c3d,JasSandhu14,2025-05-02,18:45:40,-07:00,2025-05-02T18:45:40-07:00,0,69
projects\projects.js,61,js,fb382c3d,JasSandhu14,2025-05-02,18:45:40,-07:00,2025-05-02T18:45:40-07:00,0,0
projects\projects.js,62,js,fb382c3d,JasSandhu14,2025-05-02,18:45:40,-07:00,2025-05-02T18:45:40-07:00,0,5
projects\projects.js,63,js,fb382c3d,JasSandhu14,2025-05-02,18:45:40,-07:00,2025-05-02T18:45:40-07:00,0,39
projects\projects.js,64,js,fb382c3d,JasSandhu14,2025-05-02,18:45:40,-07:00,2025-05-02T18:45:40-07:00,0,39
projects\projects.js,65,js,fb382c3d,JasSandhu14,2025-05-02,18:45:40,-07:00,2025-05-02T18:45:40-07:00,0,57
projects\projects.js,66,js,fb382c3d,JasSandhu14,2025-05-02,18:45:40,-07:00,2025-05-02T18:45:40-07:00,0,52
projects\projects.js,67,js,fb382c3d,JasSandhu14,2025-05-02,18:45:40,-07:00,2025-05-02T18:45:40-07:00,0,0
projects\projects.js,68,js,2ef3e776,Jas Sandhu,2025-05-01,16:07:17,-07:00,2025-05-01T16:07:17-07:00,0,2
projects\projects.js,69,js,fb382c3d,JasSandhu14,2025-05-02,18:45:40,-07:00,2025-05-02T18:45:40-07:00,0,2
projects\projects.js,70,js,f6d132ce,Jas Sandhu,2025-05-01,15:09:41,-07:00,2025-05-01T15:09:41-07:00,0,0
projects\projects.js,71,js,34c9aff5,Jas Sandhu,2025-05-01,15:26:11,-07:00,2025-05-01T15:26:11-07:00,0,33
projects\projects.js,72,js,34c9aff5,Jas Sandhu,2025-05-01,15:26:11,-07:00,2025-05-01T15:26:11-07:00,0,28
projects\projects.js,73,js,fb382c3d,JasSandhu14,2025-05-02,18:45:40,-07:00,2025-05-02T18:45:40-07:00,0,5
projects\projects.js,74,js,fb382c3d,JasSandhu14,2025-05-02,18:45:40,-07:00,2025-05-02T18:45:40-07:00,0,12
projects\projects.js,75,js,fb382c3d,JasSandhu14,2025-05-02,18:45:40,-07:00,2025-05-02T18:45:40-07:00,0,94
projects\projects.js,76,js,fb382c3d,JasSandhu14,2025-05-02,18:45:40,-07:00,2025-05-02T18:45:40-07:00,0,28
projects\projects.js,77,js,fb382c3d,JasSandhu14,2025-05-02,18:45:40,-07:00,2025-05-02T18:45:40-07:00,0,100
projects\projects.js,78,js,f6d132ce,Jas Sandhu,2025-05-01,15:09:41,-07:00,2025-05-01T15:09:41-07:00,0,2
projects\projects.js,79,js,34c9aff5,Jas Sandhu,2025-05-01,15:26:11,-07:00,2025-05-01T15:26:11-07:00,0,0
projects\projects.js,80,js,34c9aff5,Jas Sandhu,2025-05-01,15:26:11,-07:00,2025-05-01T15:26:11-07:00,0,0
projects\projects.js,81,js,34c9aff5,Jas Sandhu,2025-05-01,15:26:11,-07:00,2025-05-01T15:26:11-07:00,0,33
projects\projects.js,82,js,34c9aff5,Jas Sandhu,2025-05-01,15:26:11,-07:00,2025-05-01T15:26:11-07:00,0,24
projects\projects.js,83,js,f6d132ce,Jas Sandhu,2025-05-01,15:09:41,-07:00,2025-05-01T15:09:41-07:00,0,0
projects\projects.js,84,js,f6d132ce,Jas Sandhu,2025-05-01,15:09:41,-07:00,2025-05-01T15:09:41-07:00,0,14
projects\projects.js,85,js,f6d132ce,Jas Sandhu,2025-05-01,15:09:41,-07:00,2025-05-01T15:09:41-07:00,0,54
projects\projects.js,86,js,f6d132ce,Jas Sandhu,2025-05-01,15:09:41,-07:00,2025-05-01T15:09:41-07:00,0,50
projects\projects.js,87,js,f6d132ce,Jas Sandhu,2025-05-01,15:09:41,-07:00,2025-05-01T15:09:41-07:00,0,26
projects\projects.js,88,js,f6d132ce,Jas Sandhu,2025-05-01,15:09:41,-07:00,2025-05-01T15:09:41-07:00,0,52
projects\projects.js,89,js,f6d132ce,Jas Sandhu,2025-05-01,15:09:41,-07:00,2025-05-01T15:09:41-07:00,0,60
projects\projects.js,90,js,f6d132ce,Jas Sandhu,2025-05-01,15:09:41,-07:00,2025-05-01T15:09:41-07:00,0,43
projects\projects.js,91,js,f6d132ce,Jas Sandhu,2025-05-01,15:09:41,-07:00,2025-05-01T15:09:41-07:00,0,2
projects\projects.js,92,js,34c9aff5,Jas Sandhu,2025-05-01,15:26:11,-07:00,2025-05-01T15:26:11-07:00,0,53
projects\projects.js,93,js,f6d132ce,Jas Sandhu,2025-05-01,15:09:41,-07:00,2025-05-01T15:09:41-07:00,0,57
projects\projects.js,94,js,34c9aff5,Jas Sandhu,2025-05-01,15:26:11,-07:00,2025-05-01T15:26:11-07:00,0,32
projects\projects.js,95,js,fb382c3d,JasSandhu14,2025-05-02,18:45:40,-07:00,2025-05-02T18:45:40-07:00,0,2
projects\index.html,1,html,81bc3f32,Jas Sandhu,2025-04-03,16:38:23,-07:00,2025-04-03T16:38:23-07:00,0,14
projects\index.html,2,html,81bc3f32,Jas Sandhu,2025-04-03,16:38:23,-07:00,2025-04-03T16:38:23-07:00,0,15
projects\index.html,3,html,81bc3f32,Jas Sandhu,2025-04-03,16:38:23,-07:00,2025-04-03T16:38:23-07:00,0,5
projects\index.html,4,html,81bc3f32,Jas Sandhu,2025-04-03,16:38:23,-07:00,2025-04-03T16:38:23-07:00,0,21
projects\index.html,5,html,81bc3f32,Jas Sandhu,2025-04-03,16:38:23,-07:00,2025-04-03T16:38:23-07:00,0,69
projects\index.html,6,html,81bc3f32,Jas Sandhu,2025-04-03,16:38:23,-07:00,2025-04-03T16:38:23-07:00,0,22
projects\index.html,7,html,28ef9a11,Jas Sandhu,2025-04-08,14:21:04,-07:00,2025-04-08T14:21:04-07:00,0,43
projects\index.html,8,html,4b617ded,Jas Sandhu,2025-04-16,20:31:14,-07:00,2025-04-16T20:31:14-07:00,0,49
projects\index.html,9,html,07ed36fc,JasSandhu14,2025-04-23,20:11:26,-07:00,2025-04-23T20:11:26-07:00,0,48
projects\index.html,10,html,5eda7f81,Jas Sandhu,2025-04-03,19:52:25,-07:00,2025-04-03T19:52:25-07:00,0,6
projects\index.html,11,html,5eda7f81,Jas Sandhu,2025-04-03,19:52:25,-07:00,2025-04-03T19:52:25-07:00,0,5
projects\index.html,12,html,4b617ded,Jas Sandhu,2025-04-16,20:31:14,-07:00,2025-04-16T20:31:14-07:00,0,8
projects\index.html,13,html,4b617ded,Jas Sandhu,2025-04-16,20:31:14,-07:00,2025-04-16T20:31:14-07:00,0,31
projects\index.html,14,html,4b617ded,Jas Sandhu,2025-04-16,20:31:14,-07:00,2025-04-16T20:31:14-07:00,0,40
projects\index.html,15,html,4b617ded,Jas Sandhu,2025-04-16,20:31:14,-07:00,2025-04-16T20:31:14-07:00,0,44
projects\index.html,16,html,4b617ded,Jas Sandhu,2025-04-16,20:31:14,-07:00,2025-04-16T20:31:14-07:00,0,66
projects\index.html,17,html,4b617ded,Jas Sandhu,2025-04-16,20:31:14,-07:00,2025-04-16T20:31:14-07:00,0,42
projects\index.html,18,html,4b617ded,Jas Sandhu,2025-04-16,20:31:14,-07:00,2025-04-16T20:31:14-07:00,0,8
projects\index.html,19,html,5eda7f81,Jas Sandhu,2025-04-03,19:52:25,-07:00,2025-04-03T19:52:25-07:00,0,0
projects\index.html,20,html,07ed36fc,JasSandhu14,2025-04-23,20:11:26,-07:00,2025-04-23T20:11:26-07:00,0,39
projects\index.html,21,html,f6d132ce,Jas Sandhu,2025-05-01,15:09:41,-07:00,2025-05-01T15:09:41-07:00,0,0
projects\index.html,22,html,f6d132ce,Jas Sandhu,2025-05-01,15:09:41,-07:00,2025-05-01T15:09:41-07:00,0,22
projects\index.html,23,html,f6d132ce,Jas Sandhu,2025-05-01,15:09:41,-07:00,2025-05-01T15:09:41-07:00,0,53
projects\index.html,24,html,f6d132ce,Jas Sandhu,2025-05-01,15:09:41,-07:00,2025-05-01T15:09:41-07:00,0,11
projects\index.html,25,html,f6d132ce,Jas Sandhu,2025-05-01,15:09:41,-07:00,2025-05-01T15:09:41-07:00,0,5
projects\index.html,26,html,f6d132ce,Jas Sandhu,2025-05-01,15:09:41,-07:00,2025-05-01T15:09:41-07:00,0,18
projects\index.html,27,html,f6d132ce,Jas Sandhu,2025-05-01,15:09:41,-07:00,2025-05-01T15:09:41-07:00,0,11
projects\index.html,28,html,f6d132ce,Jas Sandhu,2025-05-01,15:09:41,-07:00,2025-05-01T15:09:41-07:00,0,4
projects\index.html,29,html,f6d132ce,Jas Sandhu,2025-05-01,15:09:41,-07:00,2025-05-01T15:09:41-07:00,0,5
projects\index.html,30,html,f6d132ce,Jas Sandhu,2025-05-01,15:09:41,-07:00,2025-05-01T15:09:41-07:00,0,0
projects\index.html,31,html,f6d132ce,Jas Sandhu,2025-05-01,15:09:41,-07:00,2025-05-01T15:09:41-07:00,0,102
projects\index.html,32,html,f6d132ce,Jas Sandhu,2025-05-01,15:09:41,-07:00,2025-05-01T15:09:41-07:00,0,0
projects\index.html,33,html,f6d132ce,Jas Sandhu,2025-05-01,15:09:41,-07:00,2025-05-01T15:09:41-07:00,0,0
projects\index.html,34,html,7577d6db,JasSandhu14,2025-04-09,19:55:59,-07:00,2025-04-09T19:55:59-07:00,0,21
projects\index.html,35,html,7577d6db,JasSandhu14,2025-04-09,19:55:59,-07:00,2025-04-09T19:55:59-07:00,0,8
projects\index.html,36,html,86a8553d,JasSandhu14,2025-04-09,21:04:35,-07:00,2025-04-09T21:04:35-07:00,0,28
projects\index.html,37,html,7577d6db,JasSandhu14,2025-04-09,19:55:59,-07:00,2025-04-09T19:55:59-07:00,0,71
projects\index.html,38,html,7577d6db,JasSandhu14,2025-04-09,19:55:59,-07:00,2025-04-09T19:55:59-07:00,0,229
projects\index.html,39,html,7577d6db,JasSandhu14,2025-04-09,19:55:59,-07:00,2025-04-09T19:55:59-07:00,0,9
projects\index.html,40,html,7577d6db,JasSandhu14,2025-04-09,19:55:59,-07:00,2025-04-09T19:55:59-07:00,0,8
projects\index.html,41,html,86a8553d,JasSandhu14,2025-04-09,21:04:35,-07:00,2025-04-09T21:04:35-07:00,0,39
projects\index.html,42,html,7577d6db,JasSandhu14,2025-04-09,19:55:59,-07:00,2025-04-09T19:55:59-07:00,0,71
projects\index.html,43,html,7577d6db,JasSandhu14,2025-04-09,19:55:59,-07:00,2025-04-09T19:55:59-07:00,0,247
projects\index.html,44,html,7577d6db,JasSandhu14,2025-04-09,19:55:59,-07:00,2025-04-09T19:55:59-07:00,0,9
projects\index.html,45,html,7577d6db,JasSandhu14,2025-04-09,19:55:59,-07:00,2025-04-09T19:55:59-07:00,0,8
projects\index.html,46,html,86a8553d,JasSandhu14,2025-04-09,21:04:35,-07:00,2025-04-09T21:04:35-07:00,0,45
projects\index.html,47,html,7577d6db,JasSandhu14,2025-04-09,19:55:59,-07:00,2025-04-09T19:55:59-07:00,0,71
projects\index.html,48,html,7577d6db,JasSandhu14,2025-04-09,19:55:59,-07:00,2025-04-09T19:55:59-07:00,0,221
projects\index.html,49,html,7577d6db,JasSandhu14,2025-04-09,19:55:59,-07:00,2025-04-09T19:55:59-07:00,0,9
projects\index.html,50,html,7577d6db,JasSandhu14,2025-04-09,19:55:59,-07:00,2025-04-09T19:55:59-07:00,0,8
projects\index.html,51,html,7577d6db,JasSandhu14,2025-04-09,19:55:59,-07:00,2025-04-09T19:55:59-07:00,0,44
projects\index.html,52,html,7577d6db,JasSandhu14,2025-04-09,19:55:59,-07:00,2025-04-09T19:55:59-07:00,0,71
projects\index.html,53,html,7577d6db,JasSandhu14,2025-04-09,19:55:59,-07:00,2025-04-09T19:55:59-07:00,0,245
projects\index.html,54,html,7577d6db,JasSandhu14,2025-04-09,19:55:59,-07:00,2025-04-09T19:55:59-07:00,0,9
projects\index.html,55,html,7577d6db,JasSandhu14,2025-04-09,19:55:59,-07:00,2025-04-09T19:55:59-07:00,0,8
projects\index.html,56,html,7577d6db,JasSandhu14,2025-04-09,19:55:59,-07:00,2025-04-09T19:55:59-07:00,0,37
projects\index.html,57,html,7577d6db,JasSandhu14,2025-04-09,19:55:59,-07:00,2025-04-09T19:55:59-07:00,0,71
projects\index.html,58,html,7577d6db,JasSandhu14,2025-04-09,19:55:59,-07:00,2025-04-09T19:55:59-07:00,0,240
projects\index.html,59,html,7577d6db,JasSandhu14,2025-04-09,19:55:59,-07:00,2025-04-09T19:55:59-07:00,0,9
projects\index.html,60,html,7577d6db,JasSandhu14,2025-04-09,19:55:59,-07:00,2025-04-09T19:55:59-07:00,0,8
projects\index.html,61,html,7577d6db,JasSandhu14,2025-04-09,19:55:59,-07:00,2025-04-09T19:55:59-07:00,0,35
projects\index.html,62,html,7577d6db,JasSandhu14,2025-04-09,19:55:59,-07:00,2025-04-09T19:55:59-07:00,0,71
projects\index.html,63,html,7577d6db,JasSandhu14,2025-04-09,19:55:59,-07:00,2025-04-09T19:55:59-07:00,0,235
projects\index.html,64,html,7577d6db,JasSandhu14,2025-04-09,19:55:59,-07:00,2025-04-09T19:55:59-07:00,0,9
projects\index.html,65,html,7577d6db,JasSandhu14,2025-04-09,19:55:59,-07:00,2025-04-09T19:55:59-07:00,0,8
projects\index.html,66,html,7577d6db,JasSandhu14,2025-04-09,19:55:59,-07:00,2025-04-09T19:55:59-07:00,0,42
projects\index.html,67,html,7577d6db,JasSandhu14,2025-04-09,19:55:59,-07:00,2025-04-09T19:55:59-07:00,0,71
projects\index.html,68,html,7577d6db,JasSandhu14,2025-04-09,19:55:59,-07:00,2025-04-09T19:55:59-07:00,0,237
projects\index.html,69,html,7577d6db,JasSandhu14,2025-04-09,19:55:59,-07:00,2025-04-09T19:55:59-07:00,0,9
projects\index.html,70,html,7577d6db,JasSandhu14,2025-04-09,19:55:59,-07:00,2025-04-09T19:55:59-07:00,0,8
projects\index.html,71,html,7577d6db,JasSandhu14,2025-04-09,19:55:59,-07:00,2025-04-09T19:55:59-07:00,0,37
projects\index.html,72,html,7577d6db,JasSandhu14,2025-04-09,19:55:59,-07:00,2025-04-09T19:55:59-07:00,0,71
projects\index.html,73,html,7577d6db,JasSandhu14,2025-04-09,19:55:59,-07:00,2025-04-09T19:55:59-07:00,0,263
projects\index.html,74,html,7577d6db,JasSandhu14,2025-04-09,19:55:59,-07:00,2025-04-09T19:55:59-07:00,0,9
projects\index.html,75,html,7577d6db,JasSandhu14,2025-04-09,19:55:59,-07:00,2025-04-09T19:55:59-07:00,0,8
projects\index.html,76,html,7577d6db,JasSandhu14,2025-04-09,19:55:59,-07:00,2025-04-09T19:55:59-07:00,0,33
projects\index.html,77,html,7577d6db,JasSandhu14,2025-04-09,19:55:59,-07:00,2025-04-09T19:55:59-07:00,0,71
projects\index.html,78,html,7577d6db,JasSandhu14,2025-04-09,19:55:59,-07:00,2025-04-09T19:55:59-07:00,0,227
projects\index.html,79,html,7577d6db,JasSandhu14,2025-04-09,19:55:59,-07:00,2025-04-09T19:55:59-07:00,0,9
projects\index.html,80,html,7577d6db,JasSandhu14,2025-04-09,19:55:59,-07:00,2025-04-09T19:55:59-07:00,0,8
projects\index.html,81,html,7577d6db,JasSandhu14,2025-04-09,19:55:59,-07:00,2025-04-09T19:55:59-07:00,0,40
projects\index.html,82,html,7577d6db,JasSandhu14,2025-04-09,19:55:59,-07:00,2025-04-09T19:55:59-07:00,0,71
projects\index.html,83,html,7577d6db,JasSandhu14,2025-04-09,19:55:59,-07:00,2025-04-09T19:55:59-07:00,0,244
projects\index.html,84,html,7577d6db,JasSandhu14,2025-04-09,19:55:59,-07:00,2025-04-09T19:55:59-07:00,0,9
projects\index.html,85,html,7577d6db,JasSandhu14,2025-04-09,19:55:59,-07:00,2025-04-09T19:55:59-07:00,0,8
projects\index.html,86,html,7577d6db,JasSandhu14,2025-04-09,19:55:59,-07:00,2025-04-09T19:55:59-07:00,0,37
projects\index.html,87,html,7577d6db,JasSandhu14,2025-04-09,19:55:59,-07:00,2025-04-09T19:55:59-07:00,0,71
projects\index.html,88,html,7577d6db,JasSandhu14,2025-04-09,19:55:59,-07:00,2025-04-09T19:55:59-07:00,0,223
projects\index.html,89,html,7577d6db,JasSandhu14,2025-04-09,19:55:59,-07:00,2025-04-09T19:55:59-07:00,0,9
projects\index.html,90,html,7577d6db,JasSandhu14,2025-04-09,19:55:59,-07:00,2025-04-09T19:55:59-07:00,0,8
projects\index.html,91,html,7577d6db,JasSandhu14,2025-04-09,19:55:59,-07:00,2025-04-09T19:55:59-07:00,0,53
projects\index.html,92,html,7577d6db,JasSandhu14,2025-04-09,19:55:59,-07:00,2025-04-09T19:55:59-07:00,0,71
projects\index.html,93,html,7577d6db,JasSandhu14,2025-04-09,19:55:59,-07:00,2025-04-09T19:55:59-07:00,0,239
projects\index.html,94,html,7577d6db,JasSandhu14,2025-04-09,19:55:59,-07:00,2025-04-09T19:55:59-07:00,0,9
projects\index.html,95,html,7577d6db,JasSandhu14,2025-04-09,19:55:59,-07:00,2025-04-09T19:55:59-07:00,0,5
projects\index.html,96,html,81bc3f32,Jas Sandhu,2025-04-03,16:38:23,-07:00,2025-04-03T16:38:23-07:00,0,6
projects\index.html,97,html,81bc3f32,Jas Sandhu,2025-04-03,16:38:23,-07:00,2025-04-03T16:38:23-07:00,0,6
proj02\index.html,1,html,0b16f5c1,JasSandhu14,2025-04-28,22:29:28,-07:00,2025-04-28T22:29:28-07:00,0,21
proj02\index.html,2,html,0b16f5c1,JasSandhu14,2025-04-28,22:29:28,-07:00,2025-04-28T22:29:28-07:00,0,30
proj02\index.html,3,html,0b16f5c1,JasSandhu14,2025-04-28,22:29:28,-07:00,2025-04-28T22:29:28-07:00,0,6
proj02\index.html,4,html,0b16f5c1,JasSandhu14,2025-04-28,22:29:28,-07:00,2025-04-28T22:29:28-07:00,0,6
proj02\index.html,5,html,0b16f5c1,JasSandhu14,2025-04-28,22:29:28,-07:00,2025-04-28T22:29:28-07:00,0,36
proj02\index.html,6,html,0b16f5c1,JasSandhu14,2025-04-28,22:29:28,-07:00,2025-04-28T22:29:28-07:00,0,36
proj02\index.html,7,html,0b16f5c1,JasSandhu14,2025-04-28,22:29:28,-07:00,2025-04-28T22:29:28-07:00,0,36
proj02\index.html,8,html,0b16f5c1,JasSandhu14,2025-04-28,22:29:28,-07:00,2025-04-28T22:29:28-07:00,0,36
proj02\index.html,9,html,0b16f5c1,JasSandhu14,2025-04-28,22:29:28,-07:00,2025-04-28T22:29:28-07:00,0,36
proj02\index.html,10,html,0b16f5c1,JasSandhu14,2025-04-28,22:29:28,-07:00,2025-04-28T22:29:28-07:00,0,36
proj02\index.html,11,html,0b16f5c1,JasSandhu14,2025-04-28,22:29:28,-07:00,2025-04-28T22:29:28-07:00,0,36
proj02\index.html,12,html,0b16f5c1,JasSandhu14,2025-04-28,22:29:28,-07:00,2025-04-28T22:29:28-07:00,0,36
proj02\index.html,13,html,0b16f5c1,JasSandhu14,2025-04-28,22:29:28,-07:00,2025-04-28T22:29:28-07:00,0,36
proj02\index.html,14,html,0b16f5c1,JasSandhu14,2025-04-28,22:29:28,-07:00,2025-04-28T22:29:28-07:00,0,36
proj02\index.html,15,html,0b16f5c1,JasSandhu14,2025-04-28,22:29:28,-07:00,2025-04-28T22:29:28-07:00,0,0
proj02\index.html,16,html,0b16f5c1,JasSandhu14,2025-04-28,22:29:28,-07:00,2025-04-28T22:29:28-07:00,0,0
proj02\index.html,17,html,0b16f5c1,JasSandhu14,2025-04-28,22:29:28,-07:00,2025-04-28T22:29:28-07:00,0,5
proj02\index.html,18,html,0b16f5c1,JasSandhu14,2025-04-28,22:29:28,-07:00,2025-04-28T22:29:28-07:00,0,24
proj02\index.html,19,html,0b16f5c1,JasSandhu14,2025-04-28,22:29:28,-07:00,2025-04-28T22:29:28-07:00,0,21
proj02\index.html,20,html,0b16f5c1,JasSandhu14,2025-04-28,22:29:28,-07:00,2025-04-28T22:29:28-07:00,0,35
proj02\index.html,21,html,0b16f5c1,JasSandhu14,2025-04-28,22:29:28,-07:00,2025-04-28T22:29:28-07:00,0,26
proj02\index.html,22,html,0b16f5c1,JasSandhu14,2025-04-28,22:29:28,-07:00,2025-04-28T22:29:28-07:00,0,14
proj02\index.html,23,html,0b16f5c1,JasSandhu14,2025-04-28,22:29:28,-07:00,2025-04-28T22:29:28-07:00,0,0
proj02\index.html,24,html,0b16f5c1,JasSandhu14,2025-04-28,22:29:28,-07:00,2025-04-28T22:29:28-07:00,0,0
proj02\index.html,25,html,0b16f5c1,JasSandhu14,2025-04-28,22:29:28,-07:00,2025-04-28T22:29:28-07:00,0,13
proj02\index.html,26,html,0b16f5c1,JasSandhu14,2025-04-28,22:29:28,-07:00,2025-04-28T22:29:28-07:00,0,0
proj02\index.html,27,html,0b16f5c1,JasSandhu14,2025-04-28,22:29:28,-07:00,2025-04-28T22:29:28-07:00,0,2
proj02\index.html,28,html,0b16f5c1,JasSandhu14,2025-04-28,22:29:28,-07:00,2025-04-28T22:29:28-07:00,0,2
proj02\index.html,29,html,0b16f5c1,JasSandhu14,2025-04-28,22:29:28,-07:00,2025-04-28T22:29:28-07:00,0,2
proj02\index.html,30,html,0b16f5c1,JasSandhu14,2025-04-28,22:29:28,-07:00,2025-04-28T22:29:28-07:00,0,2
proj02\index.html,31,html,0b16f5c1,JasSandhu14,2025-04-28,22:29:28,-07:00,2025-04-28T22:29:28-07:00,0,2
proj02\index.html,32,html,0b16f5c1,JasSandhu14,2025-04-28,22:29:28,-07:00,2025-04-28T22:29:28-07:00,0,3
proj02\index.html,33,html,0b16f5c1,JasSandhu14,2025-04-28,22:29:28,-07:00,2025-04-28T22:29:28-07:00,0,16
proj02\index.html,34,html,0b16f5c1,JasSandhu14,2025-04-28,22:29:28,-07:00,2025-04-28T22:29:28-07:00,0,16
proj02\index.html,35,html,0b16f5c1,JasSandhu14,2025-04-28,22:29:28,-07:00,2025-04-28T22:29:28-07:00,0,18
proj02\index.html,36,html,0b16f5c1,JasSandhu14,2025-04-28,22:29:28,-07:00,2025-04-28T22:29:28-07:00,0,0
proj02\index.html,37,html,0b16f5c1,JasSandhu14,2025-04-28,22:29:28,-07:00,2025-04-28T22:29:28-07:00,0,0
proj02\index.html,38,html,0b16f5c1,JasSandhu14,2025-04-28,22:29:28,-07:00,2025-04-28T22:29:28-07:00,0,2
proj02\index.html,39,html,0b16f5c1,JasSandhu14,2025-04-28,22:29:28,-07:00,2025-04-28T22:29:28-07:00,0,3
proj02\index.html,40,html,0b16f5c1,JasSandhu14,2025-04-28,22:29:28,-07:00,2025-04-28T22:29:28-07:00,0,48
proj02\index.html,41,html,0b16f5c1,JasSandhu14,2025-04-28,22:29:28,-07:00,2025-04-28T22:29:28-07:00,0,21
proj02\index.html,42,html,0b16f5c1,JasSandhu14,2025-04-28,22:29:28,-07:00,2025-04-28T22:29:28-07:00,0,0
proj02\index.html,43,html,0b16f5c1,JasSandhu14,2025-04-28,22:29:28,-07:00,2025-04-28T22:29:28-07:00,0,0
proj02\index.html,44,html,0b16f5c1,JasSandhu14,2025-04-28,22:29:28,-07:00,2025-04-28T22:29:28-07:00,0,3
proj02\index.html,45,html,0b16f5c1,JasSandhu14,2025-04-28,22:29:28,-07:00,2025-04-28T22:29:28-07:00,0,24
proj02\index.html,46,html,0b16f5c1,JasSandhu14,2025-04-28,22:29:28,-07:00,2025-04-28T22:29:28-07:00,0,49
proj02\index.html,47,html,0b16f5c1,JasSandhu14,2025-04-28,22:29:28,-07:00,2025-04-28T22:29:28-07:00,0,16
proj02\index.html,48,html,0b16f5c1,JasSandhu14,2025-04-28,22:29:28,-07:00,2025-04-28T22:29:28-07:00,0,0
proj02\index.html,49,html,0b16f5c1,JasSandhu14,2025-04-28,22:29:28,-07:00,2025-04-28T22:29:28-07:00,0,6
proj02\index.html,50,html,0b16f5c1,JasSandhu14,2025-04-28,22:29:28,-07:00,2025-04-28T22:29:28-07:00,0,14
proj02\index.html,51,html,0b16f5c1,JasSandhu14,2025-04-28,22:29:28,-07:00,2025-04-28T22:29:28-07:00,0,18
proj02\index.html,52,html,0b16f5c1,JasSandhu14,2025-04-28,22:29:28,-07:00,2025-04-28T22:29:28-07:00,0,20
proj02\index.html,53,html,0b16f5c1,JasSandhu14,2025-04-28,22:29:28,-07:00,2025-04-28T22:29:28-07:00,0,19
proj02\index.html,54,html,0b16f5c1,JasSandhu14,2025-04-28,22:29:28,-07:00,2025-04-28T22:29:28-07:00,0,12
proj02\index.html,55,html,0b16f5c1,JasSandhu14,2025-04-28,22:29:28,-07:00,2025-04-28T22:29:28-07:00,0,35
proj02\index.html,56,html,0b16f5c1,JasSandhu14,2025-04-28,22:29:28,-07:00,2025-04-28T22:29:28-07:00,0,14
proj02\index.html,57,html,0b16f5c1,JasSandhu14,2025-04-28,22:29:28,-07:00,2025-04-28T22:29:28-07:00,0,25
proj02\index.html,58,html,0b16f5c1,JasSandhu14,2025-04-28,22:29:28,-07:00,2025-04-28T22:29:28-07:00,0,19
proj02\index.html,59,html,0b16f5c1,JasSandhu14,2025-04-28,22:29:28,-07:00,2025-04-28T22:29:28-07:00,0,0
proj02\index.html,60,html,0b16f5c1,JasSandhu14,2025-04-28,22:29:28,-07:00,2025-04-28T22:29:28-07:00,0,0
proj02\index.html,61,html,0b16f5c1,JasSandhu14,2025-04-28,22:29:28,-07:00,2025-04-28T22:29:28-07:00,0,0
proj02\index.html,62,html,0b16f5c1,JasSandhu14,2025-04-28,22:29:28,-07:00,2025-04-28T22:29:28-07:00,0,3
proj02\index.html,63,html,0b16f5c1,JasSandhu14,2025-04-28,22:29:28,-07:00,2025-04-28T22:29:28-07:00,0,15
proj02\index.html,64,html,0b16f5c1,JasSandhu14,2025-04-28,22:29:28,-07:00,2025-04-28T22:29:28-07:00,0,30
proj02\index.html,65,html,0b16f5c1,JasSandhu14,2025-04-28,22:29:28,-07:00,2025-04-28T22:29:28-07:00,0,0
proj02\index.html,66,html,0b16f5c1,JasSandhu14,2025-04-28,22:29:28,-07:00,2025-04-28T22:29:28-07:00,0,0
proj02\index.html,67,html,0b16f5c1,JasSandhu14,2025-04-28,22:29:28,-07:00,2025-04-28T22:29:28-07:00,0,3
proj02\index.html,68,html,0b16f5c1,JasSandhu14,2025-04-28,22:29:28,-07:00,2025-04-28T22:29:28-07:00,0,15
proj02\index.html,69,html,0b16f5c1,JasSandhu14,2025-04-28,22:29:28,-07:00,2025-04-28T22:29:28-07:00,0,0
proj02\index.html,70,html,0b16f5c1,JasSandhu14,2025-04-28,22:29:28,-07:00,2025-04-28T22:29:28-07:00,0,0
proj02\index.html,71,html,0b16f5c1,JasSandhu14,2025-04-28,22:29:28,-07:00,2025-04-28T22:29:28-07:00,0,10
proj02\index.html,72,html,0b16f5c1,JasSandhu14,2025-04-28,22:29:28,-07:00,2025-04-28T22:29:28-07:00,0,0
proj02\index.html,73,html,0b16f5c1,JasSandhu14,2025-04-28,22:29:28,-07:00,2025-04-28T22:29:28-07:00,0,2
proj02\index.html,74,html,0b16f5c1,JasSandhu14,2025-04-28,22:29:28,-07:00,2025-04-28T22:29:28-07:00,0,3
proj02\index.html,75,html,0b16f5c1,JasSandhu14,2025-04-28,22:29:28,-07:00,2025-04-28T22:29:28-07:00,0,25
proj02\index.html,76,html,0b16f5c1,JasSandhu14,2025-04-28,22:29:28,-07:00,2025-04-28T22:29:28-07:00,0,0
proj02\index.html,77,html,0b16f5c1,JasSandhu14,2025-04-28,22:29:28,-07:00,2025-04-28T22:29:28-07:00,0,0
proj02\index.html,78,html,0b16f5c1,JasSandhu14,2025-04-28,22:29:28,-07:00,2025-04-28T22:29:28-07:00,0,3
proj02\index.html,79,html,0b16f5c1,JasSandhu14,2025-04-28,22:29:28,-07:00,2025-04-28T22:29:28-07:00,0,10
proj02\index.html,80,html,0b16f5c1,JasSandhu14,2025-04-28,22:29:28,-07:00,2025-04-28T22:29:28-07:00,0,30
proj02\index.html,81,html,0b16f5c1,JasSandhu14,2025-04-28,22:29:28,-07:00,2025-04-28T22:29:28-07:00,0,0
proj02\index.html,82,html,0b16f5c1,JasSandhu14,2025-04-28,22:29:28,-07:00,2025-04-28T22:29:28-07:00,0,0
proj02\index.html,83,html,0b16f5c1,JasSandhu14,2025-04-28,22:29:28,-07:00,2025-04-28T22:29:28-07:00,0,5
proj02\index.html,84,html,0b16f5c1,JasSandhu14,2025-04-28,22:29:28,-07:00,2025-04-28T22:29:28-07:00,0,17
proj02\index.html,85,html,0b16f5c1,JasSandhu14,2025-04-28,22:29:28,-07:00,2025-04-28T22:29:28-07:00,0,0
proj02\index.html,86,html,0b16f5c1,JasSandhu14,2025-04-28,22:29:28,-07:00,2025-04-28T22:29:28-07:00,0,0
proj02\index.html,87,html,0b16f5c1,JasSandhu14,2025-04-28,22:29:28,-07:00,2025-04-28T22:29:28-07:00,0,0
proj02\index.html,88,html,0b16f5c1,JasSandhu14,2025-04-28,22:29:28,-07:00,2025-04-28T22:29:28-07:00,0,24
proj02\index.html,89,html,0b16f5c1,JasSandhu14,2025-04-28,22:29:28,-07:00,2025-04-28T22:29:28-07:00,0,0
proj02\index.html,90,html,0b16f5c1,JasSandhu14,2025-04-28,22:29:28,-07:00,2025-04-28T22:29:28-07:00,0,7
proj02\index.html,91,html,0b16f5c1,JasSandhu14,2025-04-28,22:29:28,-07:00,2025-04-28T22:29:28-07:00,0,18
proj02\index.html,92,html,0b16f5c1,JasSandhu14,2025-04-28,22:29:28,-07:00,2025-04-28T22:29:28-07:00,0,18
proj02\index.html,93,html,0b16f5c1,JasSandhu14,2025-04-28,22:29:28,-07:00,2025-04-28T22:29:28-07:00,0,0
proj02\index.html,94,html,0b16f5c1,JasSandhu14,2025-04-28,22:29:28,-07:00,2025-04-28T22:29:28-07:00,0,0
proj02\index.html,95,html,0b16f5c1,JasSandhu14,2025-04-28,22:29:28,-07:00,2025-04-28T22:29:28-07:00,0,5
proj02\index.html,96,html,0b16f5c1,JasSandhu14,2025-04-28,22:29:28,-07:00,2025-04-28T22:29:28-07:00,0,17
proj02\index.html,97,html,0b16f5c1,JasSandhu14,2025-04-28,22:29:28,-07:00,2025-04-28T22:29:28-07:00,0,30
proj02\index.html,98,html,0b16f5c1,JasSandhu14,2025-04-28,22:29:28,-07:00,2025-04-28T22:29:28-07:00,0,19
proj02\index.html,99,html,0b16f5c1,JasSandhu14,2025-04-28,22:29:28,-07:00,2025-04-28T22:29:28-07:00,0,20
proj02\index.html,100,html,0b16f5c1,JasSandhu14,2025-04-28,22:29:28,-07:00,2025-04-28T22:29:28-07:00,0,0
proj02\index.html,101,html,0b16f5c1,JasSandhu14,2025-04-28,22:29:28,-07:00,2025-04-28T22:29:28-07:00,0,0
proj02\index.html,102,html,0b16f5c1,JasSandhu14,2025-04-28,22:29:28,-07:00,2025-04-28T22:29:28-07:00,0,12
proj02\index.html,103,html,0b16f5c1,JasSandhu14,2025-04-28,22:29:28,-07:00,2025-04-28T22:29:28-07:00,0,0
proj02\index.html,104,html,0b16f5c1,JasSandhu14,2025-04-28,22:29:28,-07:00,2025-04-28T22:29:28-07:00,0,7
proj02\index.html,105,html,0b16f5c1,JasSandhu14,2025-04-28,22:29:28,-07:00,2025-04-28T22:29:28-07:00,0,13
proj02\index.html,106,html,0b16f5c1,JasSandhu14,2025-04-28,22:29:28,-07:00,2025-04-28T22:29:28-07:00,0,15
proj02\index.html,107,html,0b16f5c1,JasSandhu14,2025-04-28,22:29:28,-07:00,2025-04-28T22:29:28-07:00,0,21
proj02\index.html,108,html,0b16f5c1,JasSandhu14,2025-04-28,22:29:28,-07:00,2025-04-28T22:29:28-07:00,0,41
proj02\index.html,109,html,0b16f5c1,JasSandhu14,2025-04-28,22:29:28,-07:00,2025-04-28T22:29:28-07:00,0,49
proj02\index.html,110,html,0b16f5c1,JasSandhu14,2025-04-28,22:29:28,-07:00,2025-04-28T22:29:28-07:00,0,18
proj02\index.html,111,html,0b16f5c1,JasSandhu14,2025-04-28,22:29:28,-07:00,2025-04-28T22:29:28-07:00,0,17
proj02\index.html,112,html,0b16f5c1,JasSandhu14,2025-04-28,22:29:28,-07:00,2025-04-28T22:29:28-07:00,0,0
proj02\index.html,113,html,0b16f5c1,JasSandhu14,2025-04-28,22:29:28,-07:00,2025-04-28T22:29:28-07:00,0,13
proj02\index.html,114,html,0b16f5c1,JasSandhu14,2025-04-28,22:29:28,-07:00,2025-04-28T22:29:28-07:00,0,30
proj02\index.html,115,html,0b16f5c1,JasSandhu14,2025-04-28,22:29:28,-07:00,2025-04-28T22:29:28-07:00,0,35
proj02\index.html,116,html,0b16f5c1,JasSandhu14,2025-04-28,22:29:28,-07:00,2025-04-28T22:29:28-07:00,0,15
proj02\index.html,117,html,0b16f5c1,JasSandhu14,2025-04-28,22:29:28,-07:00,2025-04-28T22:29:28-07:00,0,15
proj02\index.html,118,html,0b16f5c1,JasSandhu14,2025-04-28,22:29:28,-07:00,2025-04-28T22:29:28-07:00,0,18
proj02\index.html,119,html,0b16f5c1,JasSandhu14,2025-04-28,22:29:28,-07:00,2025-04-28T22:29:28-07:00,0,25
proj02\index.html,120,html,0b16f5c1,JasSandhu14,2025-04-28,22:29:28,-07:00,2025-04-28T22:29:28-07:00,0,16
proj02\index.html,121,html,0b16f5c1,JasSandhu14,2025-04-28,22:29:28,-07:00,2025-04-28T22:29:28-07:00,0,0
proj02\index.html,122,html,0b16f5c1,JasSandhu14,2025-04-28,22:29:28,-07:00,2025-04-28T22:29:28-07:00,0,10
proj02\index.html,123,html,0b16f5c1,JasSandhu14,2025-04-28,22:29:28,-07:00,2025-04-28T22:29:28-07:00,0,39
proj02\index.html,124,html,0b16f5c1,JasSandhu14,2025-04-28,22:29:28,-07:00,2025-04-28T22:29:28-07:00,0,17
proj02\index.html,125,html,0b16f5c1,JasSandhu14,2025-04-28,22:29:28,-07:00,2025-04-28T22:29:28-07:00,0,30
proj02\index.html,126,html,0b16f5c1,JasSandhu14,2025-04-28,22:29:28,-07:00,2025-04-28T22:29:28-07:00,0,0
proj02\index.html,127,html,0b16f5c1,JasSandhu14,2025-04-28,22:29:28,-07:00,2025-04-28T22:29:28-07:00,0,0
proj02\index.html,128,html,0b16f5c1,JasSandhu14,2025-04-28,22:29:28,-07:00,2025-04-28T22:29:28-07:00,0,31
proj02\index.html,129,html,0b16f5c1,JasSandhu14,2025-04-28,22:29:28,-07:00,2025-04-28T22:29:28-07:00,0,14
proj02\index.html,130,html,0b16f5c1,JasSandhu14,2025-04-28,22:29:28,-07:00,2025-04-28T22:29:28-07:00,0,26
proj02\index.html,131,html,0b16f5c1,JasSandhu14,2025-04-28,22:29:28,-07:00,2025-04-28T22:29:28-07:00,0,32
proj02\index.html,132,html,0b16f5c1,JasSandhu14,2025-04-28,22:29:28,-07:00,2025-04-28T22:29:28-07:00,0,6
proj02\index.html,133,html,0b16f5c1,JasSandhu14,2025-04-28,22:29:28,-07:00,2025-04-28T22:29:28-07:00,0,12
proj02\index.html,134,html,0b16f5c1,JasSandhu14,2025-04-28,22:29:28,-07:00,2025-04-28T22:29:28-07:00,0,14
proj02\index.html,135,html,0b16f5c1,JasSandhu14,2025-04-28,22:29:28,-07:00,2025-04-28T22:29:28-07:00,0,1
proj02\index.html,136,html,0b16f5c1,JasSandhu14,2025-04-28,22:29:28,-07:00,2025-04-28T22:29:28-07:00,0,0
proj02\index.html,137,html,0b16f5c1,JasSandhu14,2025-04-28,22:29:28,-07:00,2025-04-28T22:29:28-07:00,0,0
proj02\index.html,138,html,0b16f5c1,JasSandhu14,2025-04-28,22:29:28,-07:00,2025-04-28T22:29:28-07:00,0,0
proj02\index.html,139,html,0b16f5c1,JasSandhu14,2025-04-28,22:29:28,-07:00,2025-04-28T22:29:28-07:00,0,7
proj02\index.html,140,html,0b16f5c1,JasSandhu14,2025-04-28,22:29:28,-07:00,2025-04-28T22:29:28-07:00,0,6
proj02\index.html,141,html,0b16f5c1,JasSandhu14,2025-04-28,22:29:28,-07:00,2025-04-28T22:29:28-07:00,0,0
proj02\index.html,142,html,0b16f5c1,JasSandhu14,2025-04-28,22:29:28,-07:00,2025-04-28T22:29:28-07:00,0,5
proj02\index.html,143,html,0b16f5c1,JasSandhu14,2025-04-28,22:29:28,-07:00,2025-04-28T22:29:28-07:00,0,7
proj02\index.html,144,html,0b16f5c1,JasSandhu14,2025-04-28,22:29:28,-07:00,2025-04-28T22:29:28-07:00,0,3
proj02\index.html,145,html,399275a8,JasSandhu14,2025-04-29,22:44:12,-07:00,2025-04-29T22:44:12-07:00,0,23
proj02\index.html,146,html,0b16f5c1,JasSandhu14,2025-04-28,22:29:28,-07:00,2025-04-28T22:29:28-07:00,0,37
proj02\index.html,147,html,0b16f5c1,JasSandhu14,2025-04-28,22:29:28,-07:00,2025-04-28T22:29:28-07:00,0,4
proj02\index.html,148,html,0b16f5c1,JasSandhu14,2025-04-28,22:29:28,-07:00,2025-04-28T22:29:28-07:00,0,0
proj02\index.html,149,html,0b16f5c1,JasSandhu14,2025-04-28,22:29:28,-07:00,2025-04-28T22:29:28-07:00,0,61
proj02\index.html,150,html,0b16f5c1,JasSandhu14,2025-04-28,22:29:28,-07:00,2025-04-28T22:29:28-07:00,0,8
proj02\index.html,151,html,0b16f5c1,JasSandhu14,2025-04-28,22:29:28,-07:00,2025-04-28T22:29:28-07:00,0,0
proj02\index.html,152,html,0b16f5c1,JasSandhu14,2025-04-28,22:29:28,-07:00,2025-04-28T22:29:28-07:00,0,5
proj02\index.html,153,html,15440d33,Jas Sandhu,2025-04-29,15:03:12,-07:00,2025-04-29T15:03:12-07:00,0,100
proj02\index.html,154,html,0b16f5c1,JasSandhu14,2025-04-28,22:29:28,-07:00,2025-04-28T22:29:28-07:00,0,0
proj02\index.html,155,html,0b16f5c1,JasSandhu14,2025-04-28,22:29:28,-07:00,2025-04-28T22:29:28-07:00,0,8
proj02\index.html,156,html,0b16f5c1,JasSandhu14,2025-04-28,22:29:28,-07:00,2025-04-28T22:29:28-07:00,0,27
proj02\index.html,157,html,0b16f5c1,JasSandhu14,2025-04-28,22:29:28,-07:00,2025-04-28T22:29:28-07:00,0,0
proj02\index.html,158,html,0b16f5c1,JasSandhu14,2025-04-28,22:29:28,-07:00,2025-04-28T22:29:28-07:00,0,7
proj02\index.html,159,html,0b16f5c1,JasSandhu14,2025-04-28,22:29:28,-07:00,2025-04-28T22:29:28-07:00,0,38
proj02\index.html,160,html,15440d33,Jas Sandhu,2025-04-29,15:03:12,-07:00,2025-04-29T15:03:12-07:00,0,99
proj02\index.html,161,html,0b16f5c1,JasSandhu14,2025-04-28,22:29:28,-07:00,2025-04-28T22:29:28-07:00,0,8
proj02\index.html,162,html,0b16f5c1,JasSandhu14,2025-04-28,22:29:28,-07:00,2025-04-28T22:29:28-07:00,0,0
proj02\index.html,163,html,0b16f5c1,JasSandhu14,2025-04-28,22:29:28,-07:00,2025-04-28T22:29:28-07:00,0,37
proj02\index.html,164,html,0b16f5c1,JasSandhu14,2025-04-28,22:29:28,-07:00,2025-04-28T22:29:28-07:00,0,0
proj02\index.html,165,html,0b16f5c1,JasSandhu14,2025-04-28,22:29:28,-07:00,2025-04-28T22:29:28-07:00,0,3
proj02\index.html,166,html,399275a8,JasSandhu14,2025-04-29,22:44:12,-07:00,2025-04-29T22:44:12-07:00,0,142
proj02\index.html,167,html,399275a8,JasSandhu14,2025-04-29,22:44:12,-07:00,2025-04-29T22:44:12-07:00,0,85
proj02\index.html,168,html,399275a8,JasSandhu14,2025-04-29,22:44:12,-07:00,2025-04-29T22:44:12-07:00,0,142
proj02\index.html,169,html,399275a8,JasSandhu14,2025-04-29,22:44:12,-07:00,2025-04-29T22:44:12-07:00,0,67
proj02\index.html,170,html,399275a8,JasSandhu14,2025-04-29,22:44:12,-07:00,2025-04-29T22:44:12-07:00,0,143
proj02\index.html,171,html,399275a8,JasSandhu14,2025-04-29,22:44:12,-07:00,2025-04-29T22:44:12-07:00,0,153
proj02\index.html,172,html,0b16f5c1,JasSandhu14,2025-04-28,22:29:28,-07:00,2025-04-28T22:29:28-07:00,0,4
proj02\index.html,173,html,0b16f5c1,JasSandhu14,2025-04-28,22:29:28,-07:00,2025-04-28T22:29:28-07:00,0,9
proj02\index.html,174,html,0b16f5c1,JasSandhu14,2025-04-28,22:29:28,-07:00,2025-04-28T22:29:28-07:00,0,0
proj02\index.html,175,html,0b16f5c1,JasSandhu14,2025-04-28,22:29:28,-07:00,2025-04-28T22:29:28-07:00,0,8
proj02\index.html,176,html,0b16f5c1,JasSandhu14,2025-04-28,22:29:28,-07:00,2025-04-28T22:29:28-07:00,0,31
proj02\index.html,177,html,0b16f5c1,JasSandhu14,2025-04-28,22:29:28,-07:00,2025-04-28T22:29:28-07:00,0,0
proj02\index.html,178,html,0b16f5c1,JasSandhu14,2025-04-28,22:29:28,-07:00,2025-04-28T22:29:28-07:00,0,7
proj02\index.html,179,html,0b16f5c1,JasSandhu14,2025-04-28,22:29:28,-07:00,2025-04-28T22:29:28-07:00,0,42
proj02\index.html,180,html,81fd0812,Jas Sandhu,2025-04-29,16:02:55,-07:00,2025-04-29T16:02:55-07:00,0,85
proj02\index.html,181,html,0b16f5c1,JasSandhu14,2025-04-28,22:29:28,-07:00,2025-04-28T22:29:28-07:00,0,8
proj02\index.html,182,html,0b16f5c1,JasSandhu14,2025-04-28,22:29:28,-07:00,2025-04-28T22:29:28-07:00,0,0
proj02\index.html,183,html,0b16f5c1,JasSandhu14,2025-04-28,22:29:28,-07:00,2025-04-28T22:29:28-07:00,0,37
proj02\index.html,184,html,0b16f5c1,JasSandhu14,2025-04-28,22:29:28,-07:00,2025-04-28T22:29:28-07:00,0,0
proj02\index.html,185,html,0b16f5c1,JasSandhu14,2025-04-28,22:29:28,-07:00,2025-04-28T22:29:28-07:00,0,3
proj02\index.html,186,html,399275a8,JasSandhu14,2025-04-29,22:44:12,-07:00,2025-04-29T22:44:12-07:00,0,154
proj02\index.html,187,html,399275a8,JasSandhu14,2025-04-29,22:44:12,-07:00,2025-04-29T22:44:12-07:00,0,22
proj02\index.html,188,html,399275a8,JasSandhu14,2025-04-29,22:44:12,-07:00,2025-04-29T22:44:12-07:00,0,141
proj02\index.html,189,html,399275a8,JasSandhu14,2025-04-29,22:44:12,-07:00,2025-04-29T22:44:12-07:00,0,150
proj02\index.html,190,html,399275a8,JasSandhu14,2025-04-29,22:44:12,-07:00,2025-04-29T22:44:12-07:00,0,52
proj02\index.html,191,html,399275a8,JasSandhu14,2025-04-29,22:44:12,-07:00,2025-04-29T22:44:12-07:00,0,159
proj02\index.html,192,html,399275a8,JasSandhu14,2025-04-29,22:44:12,-07:00,2025-04-29T22:44:12-07:00,0,107
proj02\index.html,193,html,0b16f5c1,JasSandhu14,2025-04-28,22:29:28,-07:00,2025-04-28T22:29:28-07:00,0,4
proj02\index.html,194,html,0b16f5c1,JasSandhu14,2025-04-28,22:29:28,-07:00,2025-04-28T22:29:28-07:00,0,9
proj02\index.html,195,html,0b16f5c1,JasSandhu14,2025-04-28,22:29:28,-07:00,2025-04-28T22:29:28-07:00,0,0
proj02\index.html,196,html,0b16f5c1,JasSandhu14,2025-04-28,22:29:28,-07:00,2025-04-28T22:29:28-07:00,0,8
proj02\index.html,197,html,0b16f5c1,JasSandhu14,2025-04-28,22:29:28,-07:00,2025-04-28T22:29:28-07:00,0,24
proj02\index.html,198,html,0b16f5c1,JasSandhu14,2025-04-28,22:29:28,-07:00,2025-04-28T22:29:28-07:00,0,0
proj02\index.html,199,html,81fd0812,Jas Sandhu,2025-04-29,16:02:55,-07:00,2025-04-29T16:02:55-07:00,0,2
proj02\index.html,200,html,81fd0812,Jas Sandhu,2025-04-29,16:02:55,-07:00,2025-04-29T16:02:55-07:00,0,74
proj02\index.html,201,html,81fd0812,Jas Sandhu,2025-04-29,16:02:55,-07:00,2025-04-29T16:02:55-07:00,0,73
proj02\index.html,202,html,81fd0812,Jas Sandhu,2025-04-29,16:02:55,-07:00,2025-04-29T16:02:55-07:00,0,77
proj02\index.html,203,html,81fd0812,Jas Sandhu,2025-04-29,16:02:55,-07:00,2025-04-29T16:02:55-07:00,0,71
proj02\index.html,204,html,399275a8,JasSandhu14,2025-04-29,22:44:12,-07:00,2025-04-29T22:44:12-07:00,0,82
proj02\index.html,205,html,399275a8,JasSandhu14,2025-04-29,22:44:12,-07:00,2025-04-29T22:44:12-07:00,0,77
proj02\index.html,206,html,81fd0812,Jas Sandhu,2025-04-29,16:02:55,-07:00,2025-04-29T16:02:55-07:00,0,79
proj02\index.html,207,html,399275a8,JasSandhu14,2025-04-29,22:44:12,-07:00,2025-04-29T22:44:12-07:00,0,90
proj02\index.html,208,html,399275a8,JasSandhu14,2025-04-29,22:44:12,-07:00,2025-04-29T22:44:12-07:00,0,94
proj02\index.html,209,html,81fd0812,Jas Sandhu,2025-04-29,16:02:55,-07:00,2025-04-29T16:02:55-07:00,0,3
proj02\index.html,210,html,81fd0812,Jas Sandhu,2025-04-29,16:02:55,-07:00,2025-04-29T16:02:55-07:00,0,2
proj02\index.html,211,html,81fd0812,Jas Sandhu,2025-04-29,16:02:55,-07:00,2025-04-29T16:02:55-07:00,0,76
proj02\index.html,212,html,81fd0812,Jas Sandhu,2025-04-29,16:02:55,-07:00,2025-04-29T16:02:55-07:00,0,73
proj02\index.html,213,html,81fd0812,Jas Sandhu,2025-04-29,16:02:55,-07:00,2025-04-29T16:02:55-07:00,0,73
proj02\index.html,214,html,81fd0812,Jas Sandhu,2025-04-29,16:02:55,-07:00,2025-04-29T16:02:55-07:00,0,76
proj02\index.html,215,html,81fd0812,Jas Sandhu,2025-04-29,16:02:55,-07:00,2025-04-29T16:02:55-07:00,0,73
proj02\index.html,216,html,81fd0812,Jas Sandhu,2025-04-29,16:02:55,-07:00,2025-04-29T16:02:55-07:00,0,77
proj02\index.html,217,html,81fd0812,Jas Sandhu,2025-04-29,16:02:55,-07:00,2025-04-29T16:02:55-07:00,0,74
proj02\index.html,218,html,81fd0812,Jas Sandhu,2025-04-29,16:02:55,-07:00,2025-04-29T16:02:55-07:00,0,74
proj02\index.html,219,html,81fd0812,Jas Sandhu,2025-04-29,16:02:55,-07:00,2025-04-29T16:02:55-07:00,0,58
proj02\index.html,220,html,81fd0812,Jas Sandhu,2025-04-29,16:02:55,-07:00,2025-04-29T16:02:55-07:00,0,3
proj02\index.html,221,html,0b16f5c1,JasSandhu14,2025-04-28,22:29:28,-07:00,2025-04-28T22:29:28-07:00,0,9
proj02\index.html,222,html,0b16f5c1,JasSandhu14,2025-04-28,22:29:28,-07:00,2025-04-28T22:29:28-07:00,0,6
proj02\index.html,223,html,0b16f5c1,JasSandhu14,2025-04-28,22:29:28,-07:00,2025-04-28T22:29:28-07:00,0,0
proj02\index.html,224,html,0b16f5c1,JasSandhu14,2025-04-28,22:29:28,-07:00,2025-04-28T22:29:28-07:00,0,0
proj02\index.html,225,html,0b16f5c1,JasSandhu14,2025-04-28,22:29:28,-07:00,2025-04-28T22:29:28-07:00,0,13
contact\index.html,1,html,81bc3f32,Jas Sandhu,2025-04-03,16:38:23,-07:00,2025-04-03T16:38:23-07:00,0,14
contact\index.html,2,html,81bc3f32,Jas Sandhu,2025-04-03,16:38:23,-07:00,2025-04-03T16:38:23-07:00,0,15
contact\index.html,3,html,81bc3f32,Jas Sandhu,2025-04-03,16:38:23,-07:00,2025-04-03T16:38:23-07:00,0,5
contact\index.html,4,html,81bc3f32,Jas Sandhu,2025-04-03,16:38:23,-07:00,2025-04-03T16:38:23-07:00,0,21
contact\index.html,5,html,81bc3f32,Jas Sandhu,2025-04-03,16:38:23,-07:00,2025-04-03T16:38:23-07:00,0,69
contact\index.html,6,html,81bc3f32,Jas Sandhu,2025-04-03,16:38:23,-07:00,2025-04-03T16:38:23-07:00,0,21
contact\index.html,7,html,28ef9a11,Jas Sandhu,2025-04-08,14:21:04,-07:00,2025-04-08T14:21:04-07:00,0,43
contact\index.html,8,html,4b617ded,Jas Sandhu,2025-04-16,20:31:14,-07:00,2025-04-16T20:31:14-07:00,0,49
contact\index.html,9,html,5eda7f81,Jas Sandhu,2025-04-03,19:52:25,-07:00,2025-04-03T19:52:25-07:00,0,6
contact\index.html,10,html,5eda7f81,Jas Sandhu,2025-04-03,19:52:25,-07:00,2025-04-03T19:52:25-07:00,0,5
contact\index.html,11,html,4b617ded,Jas Sandhu,2025-04-16,20:31:14,-07:00,2025-04-16T20:31:14-07:00,0,8
contact\index.html,12,html,4b617ded,Jas Sandhu,2025-04-16,20:31:14,-07:00,2025-04-16T20:31:14-07:00,0,31
contact\index.html,13,html,4b617ded,Jas Sandhu,2025-04-16,20:31:14,-07:00,2025-04-16T20:31:14-07:00,0,40
contact\index.html,14,html,4b617ded,Jas Sandhu,2025-04-16,20:31:14,-07:00,2025-04-16T20:31:14-07:00,0,44
contact\index.html,15,html,4b617ded,Jas Sandhu,2025-04-16,20:31:14,-07:00,2025-04-16T20:31:14-07:00,0,66
contact\index.html,16,html,4b617ded,Jas Sandhu,2025-04-16,20:31:14,-07:00,2025-04-16T20:31:14-07:00,0,42
contact\index.html,17,html,4b617ded,Jas Sandhu,2025-04-16,20:31:14,-07:00,2025-04-16T20:31:14-07:00,0,8
contact\index.html,18,html,5eda7f81,Jas Sandhu,2025-04-03,19:52:25,-07:00,2025-04-03T19:52:25-07:00,0,0
contact\index.html,19,html,81bc3f32,Jas Sandhu,2025-04-03,16:38:23,-07:00,2025-04-03T16:38:23-07:00,0,15
contact\index.html,20,html,9acefe23,Jas Sandhu,2025-04-04,20:11:02,-07:00,2025-04-04T20:11:02-07:00,0,72
contact\index.html,21,html,f0661ea6,JasSandhu14,2025-04-09,18:39:42,-07:00,2025-04-09T18:39:42-07:00,0,32
contact\index.html,22,html,f0661ea6,JasSandhu14,2025-04-09,18:39:42,-07:00,2025-04-09T18:39:42-07:00,0,32
contact\index.html,23,html,69ac2005,Jas Sandhu,2025-04-04,19:52:55,-07:00,2025-04-04T19:52:55-07:00,0,0
contact\index.html,24,html,f0661ea6,JasSandhu14,2025-04-09,18:39:42,-07:00,2025-04-09T18:39:42-07:00,0,36
contact\index.html,25,html,f0661ea6,JasSandhu14,2025-04-09,18:39:42,-07:00,2025-04-09T18:39:42-07:00,0,21
contact\index.html,26,html,69ac2005,Jas Sandhu,2025-04-04,19:52:55,-07:00,2025-04-04T19:52:55-07:00,0,0
contact\index.html,27,html,f0661ea6,JasSandhu14,2025-04-09,18:39:42,-07:00,2025-04-09T18:39:42-07:00,0,33
contact\index.html,28,html,f0661ea6,JasSandhu14,2025-04-09,18:39:42,-07:00,2025-04-09T18:39:42-07:00,0,32
contact\index.html,29,html,69ac2005,Jas Sandhu,2025-04-04,19:52:55,-07:00,2025-04-04T19:52:55-07:00,0,0
contact\index.html,30,html,f0661ea6,JasSandhu14,2025-04-09,18:39:42,-07:00,2025-04-09T18:39:42-07:00,0,20
contact\index.html,31,html,e0f7c441,Jas Sandhu,2025-04-03,17:07:24,-07:00,2025-04-03T17:07:24-07:00,0,6
contact\index.html,32,html,81bc3f32,Jas Sandhu,2025-04-03,16:38:23,-07:00,2025-04-03T16:38:23-07:00,0,6
contact\index.html,33,html,81bc3f32,Jas Sandhu,2025-04-03,16:38:23,-07:00,2025-04-03T16:38:23-07:00,0,6
